knot,x_log2_31p25,frequency_hz,white_neutral_target_db,white_neutral_projected_db,pink_neutral_target_db,pink_neutral_projected_db,brown_neutral_target_db,brown_neutral_projected_db,grey_neutral_target_db,grey_neutral_projected_db,pink_fractional_controls_target_db,pink_fractional_controls_projected_db,brown_alternating_bounds_target_db,brown_alternating_bounds_projected_db,white_narrow_notch_24db_target_db,white_narrow_notch_24db_projected_db,notch_below_numerical_budget_target_db,notch_below_numerical_budget_projected_db,notch_above_numerical_budget_target_db,notch_above_numerical_budget_projected_db,white_bounded_step_target_db,white_bounded_step_projected_db,white_both_domain_edges_target_db,white_both_domain_edges_projected_db
0,-0.6438561897747247,20.0,0.0,0.0,0.0,0.0,0.0,0.0,-0.0009424031462170745,-0.0009424031462170745,0.25,0.24999999999951641,-24.0,-23.999999999999684,0.0,0.00013553529862243968,0.0,2.6024956779397625e-12,0.0,1.1504480894526143e-11,24.0,23.999999999999996,-24.0,-0.10860229174420037
1,-0.6354166666666666,20.117339506513623,0.0,0.0,0.0,0.0,0.0,0.0,-0.0009424031462170745,-0.0009424031462170745,0.25,0.24999999999951641,-24.0,-23.999999999999684,0.0,0.00013553529862243968,0.0,2.6024956779397625e-12,0.0,1.1504480894526143e-11,24.0,23.999999999999996,0.0,-0.10860229174420037
2,-0.625,20.263118041422025,0.0,0.0,0.0,0.0,0.0,0.0,-0.0009424031462170745,-0.0009424031462170745,0.25,0.24999999999951641,-24.0,-23.999999999999684,0.0,0.00013553529862243968,0.0,2.6024956779397625e-12,0.0,1.1504480894526143e-11,24.0,23.999999999999996,0.0,-0.10860229174420037
3,-0.6145833333333334,20.40995294768774,0.0,0.0,0.0,0.0,0.0,0.0,-0.0009424031462170745,-0.0009424031462170745,0.25,0.24999999999951641,-24.0,-23.999999999999684,0.0,0.00013553529862243968,0.0,2.6024956779397625e-12,0.0,1.1504480894526143e-11,24.0,23.999999999999996,0.0,-0.10860229174420037
4,-0.6041666666666666,20.55785188021309,0.0,0.0,0.0,0.0,0.0,0.0,-0.0009424031462170745,-0.0009424031462170745,0.25,0.24999999999951641,-24.0,-23.999999999999684,0.0,0.00013553529862243968,0.0,2.6024956779397625e-12,0.0,1.1504480894526143e-11,24.0,23.999999999999996,0.0,-0.10860229174420037
5,-0.59375,20.70682254937096,0.0,0.0,0.0,0.0,0.0,0.0,-0.0009424031462170745,-0.0009424031462170745,0.25,0.24999999999951641,-24.0,-23.999999999999684,0.0,0.00013553529862243968,0.0,2.6024956779397625e-12,0.0,1.1504480894526143e-11,24.0,23.999999999999996,0.0,-0.10860229174420037
6,-0.5833333333333334,20.856872721406788,0.0,0.0,0.0,0.0,0.0,0.0,-0.0009424031462170745,-0.0009424031462170745,0.25,0.24999999999951641,-24.0,-23.999999999999684,0.0,0.00013553529862243968,0.0,2.6024956779397625e-12,0.0,1.1504480894526143e-11,24.0,23.999999999999996,0.0,-0.10860229174420037
7,-0.5729166666666666,21.008010218843427,0.0,0.0,0.0,0.0,0.0,0.0,-0.0009424031462170745,-0.0009424031462170745,0.25,0.24999999999951641,-24.0,-23.999999999999684,0.0,0.00013553529862243968,0.0,2.6024956779397625e-12,0.0,1.1504480894526143e-11,24.0,23.999999999999996,0.0,-0.10860229174420037
8,-0.5625,21.160242920888948,0.0,0.0,0.0,0.0,0.0,0.0,-0.0009424031462170745,-0.0009424031462170745,0.25,0.24999999999951641,-24.0,-23.999999999999684,0.0,0.00013553529862243968,0.0,2.6024956779397625e-12,0.0,1.1504480894526143e-11,24.0,23.999999999999996,0.0,-0.10860229174420037
9,-0.5520833333333334,21.313578763847424,0.0,0.0,0.0,0.0,0.0,0.0,-0.0009424031462170745,-0.0009424031462170745,0.25,0.24999999999951641,-24.0,-23.999999999999684,0.0,0.00013553529862243968,0.0,2.6024956779397625e-12,0.0,1.1504480894526143e-11,24.0,23.999999999999996,0.0,-0.10860229174420037
10,-0.5416666666666666,21.468025741532642,0.0,0.0,0.0,0.0,0.0,0.0,-0.0009424031462170745,-0.0009424031462170745,0.25,0.24999999999951641,-24.0,-23.999999999999684,0.0,0.00013553529862243968,0.0,2.6024956779397625e-12,0.0,1.1504480894526143e-11,24.0,23.999999999999996,0.0,-0.10860229174420037
11,-0.53125,21.623591905684876,0.0,0.0,0.0,0.0,0.0,0.0,-0.0009424031462170745,-0.0009424031462170745,0.25,0.24999999999951641,-24.0,-23.999999999999684,0.0,0.00013553529862243968,0.0,2.6024956779397625e-12,0.0,1.1504480894526143e-11,24.0,23.999999999999996,0.0,-0.10860229174420037
12,-0.5208333333333334,21.78028536639061,0.0,0.0,0.0,0.0,0.0,0.0,-0.0009424031462170745,-0.0009424031462170745,0.25,0.24999999999951641,-24.0,-23.999999999999684,0.0,0.00013553529862243968,0.0,2.6024956779397625e-12,0.0,1.1504480894526143e-11,24.0,23.999999999999996,0.0,-0.10860229174420037
13,-0.5104166666666666,21.938114292505386,0.0,0.0,0.0,0.0,0.0,0.0,-0.0009424031462170745,-0.0009424031462170745,0.25,0.24999999999951641,-24.0,-23.999999999999684,0.0,0.00013553529862243968,0.0,2.6024956779397625e-12,0.0,1.1504480894526143e-11,24.0,23.999999999999996,0.0,-0.10860229174420037
14,-0.5,22.09708691207961,0.0,0.0,0.0,0.0,0.0,0.0,-0.0009424031462170745,-0.0009424031462170745,0.25,0.24999999999951641,-24.0,-23.999999999999684,0.0,0.00013553529862243968,0.0,2.6024956779397625e-12,0.0,1.1504480894526143e-11,24.0,23.999999999999996,0.0,-0.10860229174420037
15,-0.4895833333333333,22.257211512787553,0.0,0.0,0.0,0.0,0.0,0.0,-0.0009424031462170745,-0.0009424031462170745,0.25,0.24999999999951641,-24.0,-23.999999999999684,0.0,0.00013553529862243968,0.0,2.6024956779397625e-12,0.0,1.1504480894526143e-11,24.0,23.999999999999996,0.0,-0.10860229174420037
16,-0.4791666666666667,22.418496442359377,0.0,0.0,0.0,0.0,0.0,0.0,-0.0009424031462170745,-0.0009424031462170745,0.25,0.24999999999951641,-24.0,-23.999999999999684,0.0,0.00013553529862243968,0.0,2.6024956779397625e-12,0.0,1.1504480894526143e-11,24.0,23.999999999999996,0.0,-0.10860229174420037
17,-0.46875,22.580950109016353,0.0,0.0,0.0,0.0,0.0,0.0,-0.0009424031462170745,-0.0009424031462170745,0.25,0.24999999999951641,-24.0,-23.999999999999684,0.0,0.00013553529862243968,0.0,2.6024956779397625e-12,0.0,1.1504480894526143e-11,24.0,23.999999999999996,0.0,-0.10860229174420037
18,-0.4583333333333333,22.74458098190918,0.0,0.0,0.0,0.0,0.0,0.0,-0.0009424031462170745,-0.0009424031462170745,0.25,0.24999999999951641,-24.0,-23.999999999999684,0.0,0.00013553529862243968,0.0,2.6024956779397625e-12,0.0,1.1504480894526143e-11,24.0,23.999999999999996,0.0,-0.10860229174420037
19,-0.4479166666666667,22.909397591559507,0.0,0.0,0.0,0.0,0.0,0.0,-0.0009424031462170745,-0.0009424031462170745,0.25,0.24999999999951641,-24.0,-23.999999999999684,0.0,0.00013553529862243968,0.0,2.6024956779397625e-12,0.0,1.1504480894526143e-11,24.0,23.999999999999996,0.0,-0.10860229174420037
20,-0.4375,23.075408530304678,0.0,0.0,0.0,0.0,0.0,0.0,-0.0009424031462170745,-0.0009424031462170745,0.25,0.24999999999951641,-24.0,-23.999999999999684,0.0,0.00013553529862243968,0.0,2.6024956779397625e-12,0.0,1.1504480894526143e-11,24.0,23.999999999999996,0.0,-0.10860229174420037
21,-0.4270833333333333,23.242622452745636,0.0,0.0,0.0,0.0,0.0,0.0,-0.0009424031462170745,-0.0009424031462170745,0.25,0.24999999999951641,-24.0,-23.999999999999684,0.0,0.00013553529862243968,0.0,2.6024956779397625e-12,0.0,1.1504480894526143e-11,24.0,23.999999999999996,0.0,-0.10860229174420037
22,-0.4166666666666667,23.41104807619815,0.0,0.0,0.0,0.0,0.0,0.0,-0.0009424031462170745,-0.0009424031462170745,0.25,0.24999999999951641,-24.0,-23.999999999999684,0.0,0.00013553529862243968,0.0,2.6024956779397625e-12,0.0,1.1504480894526143e-11,24.0,23.999999999999996,0.0,-0.10860229174420037
23,-0.40625,23.580694181147233,0.0,0.0,0.0,0.0,0.0,0.0,-0.0009424031462170745,-0.0009424031462170745,0.25,0.24999999999951641,-24.0,-23.999999999999684,0.0,0.00013553529862243968,0.0,2.6024956779397625e-12,0.0,1.1504480894526143e-11,24.0,23.999999999999996,0.0,-0.10860229174420037
24,-0.3958333333333333,23.75156961170492,0.0,0.0,0.0,0.0,0.0,0.0,-0.0009424031462170745,-0.0009424031462170745,0.25,0.24999999999951641,-24.0,-23.999999999999684,0.0,0.00013553529862243968,0.0,2.6024956779397625e-12,0.0,1.1504480894526143e-11,24.0,23.999999999999996,0.0,-0.10860229174420037
25,-0.3854166666666667,23.92368327607133,0.0,0.0,0.0,0.0,0.0,0.0,-0.0009424031462170745,-0.0009424031462170745,0.25,0.24999999999951641,-24.0,-23.999999999999684,0.0,0.00013553529862243968,0.0,2.6024956779397625e-12,0.0,1.1504480894526143e-11,24.0,23.999999999999996,0.0,-0.10860229174420037
26,-0.375,24.097044146999075,0.0,0.0,0.0,0.0,0.0,0.0,-0.0009424031462170745,-0.0009424031462170745,0.25,0.24999999999951641,-24.0,-23.999999999999684,0.0,0.00013553529862243968,0.0,2.6024956779397625e-12,0.0,1.1504480894526143e-11,24.0,23.999999999999996,0.0,-0.10860229174420037
27,-0.3645833333333333,24.271661262261023,0.0,0.0,0.0,0.0,0.0,0.0,-0.0009424031462170745,-0.0009424031462170745,0.25,0.24999999999951641,-24.0,-23.999999999999684,0.0,0.00013553529862243968,0.0,2.6024956779397625e-12,0.0,1.1504480894526143e-11,24.0,23.999999999999996,0.0,-0.10860229174420037
28,-0.3541666666666667,24.447543725121474,0.0,0.0,0.0,0.0,0.0,0.0,-0.0009424031462170745,-0.0009424031462170745,0.25,0.24999999999951641,-24.0,-23.999999999999684,0.0,0.00013553529862243968,0.0,2.6024956779397625e-12,0.0,1.1504480894526143e-11,24.0,23.999999999999996,0.0,-0.10860229174420037
29,-0.34375,24.624700704810728,0.0,0.0,0.0,0.0,0.0,0.0,-0.0009424031462170745,-0.0009424031462170745,0.25,0.24999999999951641,-24.0,-23.999999999999684,0.0,0.00013553529862243968,0.0,2.6024956779397625e-12,0.0,1.1504480894526143e-11,24.0,23.999999999999996,0.0,-0.10860229174420037
30,-0.3333333333333333,24.80314143700312,0.0,0.0,0.0,0.0,0.0,0.0,-0.0009424031462170745,-0.0009424031462170745,0.25,0.24999999999951641,-24.0,-23.999999999999684,0.0,0.00013553529862243968,0.0,2.6024956779397625e-12,0.0,1.1504480894526143e-11,24.0,23.999999999999996,0.0,-0.10860229174420037
31,-0.3229166666666667,24.982875224298475,0.0,0.0,0.0,0.0,0.0,0.0,-0.0009424031462170745,-0.0009424031462170745,0.25,0.24999999999951641,-24.0,-23.999999999999684,0.0,0.00013553529862243968,0.0,2.6024956779397625e-12,0.0,1.1504480894526143e-11,24.0,23.999999999999996,0.0,-0.10860229174420037
32,-0.3125,25.1639114367071,0.0,0.0,0.0,0.0,0.0,0.0,-0.0009424031462170745,-0.0009424031462170745,0.25,0.24999999999951641,-24.0,-23.999999999999684,0.0,0.00013553529862243968,0.0,2.6024956779397625e-12,0.0,1.1504480894526143e-11,24.0,23.999999999999996,0.0,-0.10860229174420037
33,-0.3020833333333333,25.346259512138253,0.0,0.0,0.0,0.0,0.0,0.0,-0.0009424031462170745,-0.0009424031462170745,0.25,0.24999999999951641,-24.0,-23.999999999999684,0.0,0.00013553529862243968,0.0,2.6024956779397625e-12,0.0,1.1504480894526143e-11,24.0,23.999999999999996,0.0,-0.10860229174420037
34,-0.2916666666666667,25.529928956892185,0.0,0.0,0.0,0.0,0.0,0.0,-0.0009424031462170745,-0.0009424031462170745,0.25,0.24999999999951641,-24.0,-23.999999999999684,0.0,0.00013553529862243968,0.0,2.6024956779397625e-12,0.0,1.1504480894526143e-11,24.0,23.999999999999996,0.0,-0.10860229174420037
35,-0.28125,25.714929346155703,0.0,0.0,0.0,0.0,0.0,0.0,-0.0009424031462170745,-0.0009424031462170745,0.25,0.24999999999951641,-24.0,-23.999999999999684,0.0,0.00013553529862243968,0.0,2.6024956779397625e-12,0.0,1.1504480894526143e-11,24.0,23.999999999999996,0.0,-0.10860229174420037
36,-0.2708333333333333,25.90127032450137,0.0,0.0,0.0,0.0,0.0,0.0,-0.0009424031462170745,-0.0009424031462170745,0.25,0.24999999999951641,-24.0,-23.999999999999684,0.0,0.00013553529862243968,0.0,2.6024956779397625e-12,0.0,1.1504480894526143e-11,24.0,23.999999999999996,0.0,-0.10860229174420037
37,-0.2604166666666667,26.08896160639029,0.0,0.0,0.0,0.0,0.0,0.0,-0.0009424031462170745,-0.0009424031462170745,0.25,0.24999999999951641,-24.0,-23.999999999999684,0.0,0.00013553529862243968,0.0,2.6024956779397625e-12,0.0,1.1504480894526143e-11,24.0,23.999999999999996,0.0,-0.10860229174420037
38,-0.25,26.27801297667858,0.0,0.0,0.0,0.0,0.0,0.0,-0.0009424031462170745,-0.0009424031462170745,0.25,0.24999999999951641,-24.0,-23.999999999999684,0.0,0.00013553529862243968,0.0,2.6024956779397625e-12,0.0,1.1504480894526143e-11,24.0,23.999999999999996,0.0,-0.10860229174420037
39,-0.23958333333333334,26.468434291127434,0.0,0.0,0.0,0.0,0.0,0.0,-0.0009424031462170745,-0.0009424031462170745,0.25,0.24999999999951641,-24.0,-23.999999999999684,0.0,0.00013553529862243968,0.0,2.6024956779397625e-12,0.0,1.1504480894526143e-11,24.0,23.999999999999996,0.0,-0.10860229174420037
40,-0.22916666666666666,26.660235476916963,0.0,0.0,0.0,0.0,0.0,0.0,-0.0009424031462170745,-0.0009424031462170745,0.25,0.24999999999951641,-24.0,-23.999999999999684,0.0,0.00013553529862243968,0.0,2.6024956779397625e-12,0.0,1.1504480894526143e-11,24.0,23.999999999999996,0.0,-0.10860229174420037
41,-0.21875,26.853426533163717,0.0,0.0,0.0,0.0,0.0,0.0,-0.0009424031462170745,-0.0009424031462170745,0.25,0.24999999999951641,-24.0,-23.999999999999684,0.0,0.00013553529862243968,0.0,2.6024956779397625e-12,0.0,1.1504480894526143e-11,24.0,23.999999999999996,0.0,-0.10860229174420037
42,-0.20833333333333334,27.04801753144197,0.0,0.0,0.0,0.0,0.0,0.0,-0.0009424031462170745,-0.0009424031462170745,0.25,0.24999999999951641,-24.0,-23.999999999999684,0.0,0.00013553529862243968,0.0,2.6024956779397625e-12,0.0,1.1504480894526143e-11,24.0,23.999999999999996,0.0,-0.10860229174420037
43,-0.19791666666666666,27.244018616308768,0.0,0.0,0.0,0.0,0.0,0.0,-0.0009424031462170745,-0.0009424031462170745,0.25,0.24999999999951641,-24.0,-23.999999999999684,0.0,0.00013553529862243968,0.0,2.6024956779397625e-12,0.0,1.1504480894526143e-11,24.0,23.999999999999996,0.0,-0.10860229174420037
44,-0.1875,27.441440005832803,0.0,0.0,0.0,0.0,0.0,0.0,-0.0009424031462170745,-0.0009424031462170745,0.25,0.24999999999951641,-24.0,-23.999999999999684,0.0,0.00013553529862243968,0.0,2.6024956779397625e-12,0.0,1.1504480894526143e-11,24.0,23.999999999999996,0.0,-0.10860229174420037
45,-0.17708333333333334,27.640291992127107,0.0,0.0,0.0,0.0,0.0,0.0,-0.0009424031462170745,-0.0009424031462170745,0.25,0.24999999999951641,-24.0,-23.999999999999684,0.0,0.00013553529862243968,0.0,2.6024956779397625e-12,0.0,1.1504480894526143e-11,24.0,23.999999999999996,0.0,-0.10860229174420037
46,-0.16666666666666666,27.840584941885602,0.0,0.0,0.0,0.0,0.0,0.0,-0.0009424031462170745,-0.0009424031462170745,0.25,0.24999999999951641,-24.0,-23.999999999999684,0.0,0.00013553529862243968,0.0,2.6024956779397625e-12,0.0,1.1504480894526143e-11,24.0,23.999999999999996,0.0,-0.10860229174420037
47,-0.15625,28.04232929692355,0.0,0.0,0.0,0.0,0.0,0.0,-0.0009424031462170745,-0.0009424031462170745,0.25,0.24999999999951641,-24.0,-23.999999999999684,0.0,0.00013553529862243968,0.0,2.6024956779397625e-12,0.0,1.1504480894526143e-11,24.0,23.999999999999996,0.0,-0.10860229174420037
48,-0.14583333333333334,28.245535574721906,0.0,0.0,0.0,0.0,0.0,0.0,-0.0009424031462170745,-0.0009424031462170745,0.25,0.24999999999951641,-24.0,-23.999999999999684,0.0,0.00013553529862243968,0.0,2.6024956779397625e-12,0.0,1.1504480894526143e-11,24.0,23.999999999999996,0.0,-0.10860229174420037
49,-0.13541666666666666,28.450214368975637,0.0,0.0,0.0,0.0,0.0,0.0,-0.0009424031462170745,-0.0009424031462170745,0.25,0.24999999999951641,-24.0,-23.999999999999684,0.0,0.00013553529862243968,0.0,2.6024956779397625e-12,0.0,1.1504480894526143e-11,24.0,23.999999999999996,0.0,-0.10860229174420037
50,-0.125,28.656376350145976,0.0,0.0,0.0,0.0,0.0,0.0,-0.0009424031462170745,-0.0009424031462170745,0.25,0.24999999999951641,-24.0,-23.999999999999684,0.0,0.00013553529862243968,0.0,2.6024956779397625e-12,0.0,1.1504480894526143e-11,24.0,23.999999999999996,0.0,-0.10860229174420037
51,-0.11458333333333333,28.864032266016736,0.0,0.0,0.0,0.0,0.0,0.0,-0.0009424031462170745,-0.0009424031462170745,0.25,0.24999999999951641,-24.0,-23.999999999999684,0.0,0.00013553529862243968,0.0,2.6024956779397625e-12,0.0,1.1504480894526143e-11,24.0,23.999999999999996,0.0,-0.10860229174420037
52,-0.10416666666666667,29.073192942254583,0.0,0.0,0.0,0.0,0.0,0.0,-0.0009424031462170745,-0.0009424031462170745,0.25,0.24999999999951641,-24.0,-23.999999999999684,0.0,0.00013553529862243968,0.0,2.6024956779397625e-12,0.0,1.1504480894526143e-11,24.0,23.999999999999996,0.0,-0.10860229174420037
53,-0.09375,29.283869282973438,0.0,0.0,0.0,0.0,0.0,0.0,-0.0009424031462170745,-0.0009424031462170745,0.25,0.24999999999951641,-24.0,-23.999999999999684,0.0,0.00013553529862243968,0.0,2.6024956779397625e-12,0.0,1.1504480894526143e-11,24.0,23.999999999999996,0.0,-0.10860229174420037
54,-0.08333333333333333,29.49607227130292,0.0,0.0,0.0,0.0,0.0,0.0,-0.0009424031462170745,-0.0009424031462170745,0.25,0.24999999999951641,-24.0,-23.999999999999684,0.0,0.00013553529862243968,0.0,2.6024956779397625e-12,0.0,1.1504480894526143e-11,24.0,23.999999999999996,0.0,-0.10860229174420037
55,-0.07291666666666667,29.709812969960943,0.0,0.0,0.0,0.0,0.0,0.0,-0.0009424031462170745,-0.0009424031462170745,0.25,0.24999999999951641,-24.0,-23.999999999999684,0.0,0.00013553529862243968,0.0,2.6024956779397625e-12,0.0,1.1504480894526143e-11,24.0,23.999999999999996,0.0,-0.10860229174420037
56,-0.0625,29.92510252183043,0.0,0.0,0.0,0.0,0.0,0.0,-0.0009424031462170745,-0.0009424031462170745,0.25,0.24999999999951641,-24.0,-23.999999999999684,0.0,0.00013553529862243968,0.0,2.6024956779397625e-12,0.0,1.1504480894526143e-11,24.0,23.999999999999996,0.0,-0.10860229174420037
57,-0.052083333333333336,30.141952150540213,0.0,0.0,0.0,0.0,0.0,0.0,-0.0009424031462170745,-0.0009424031462170745,0.25,0.24999999999951641,-24.0,-23.999999999999684,0.0,0.00013553529862243968,0.0,2.6024956779397625e-12,0.0,1.1504480894526143e-11,24.0,23.999999999999996,0.0,-0.10860229174420037
58,-0.041666666666666664,30.360373161050184,0.0,0.0,0.0,0.0,0.0,0.0,-0.0009424031462170745,-0.0009424031462170745,0.25,0.24999999999951641,-24.0,-23.999999999999684,0.0,0.00013553529862243968,0.0,2.6024956779397625e-12,0.0,1.1504480894526143e-11,24.0,23.999999999999996,0.0,-0.10860229174420037
59,-0.03125,30.580376940240626,0.0,0.0,0.0,0.0,0.0,0.0,-0.0009424031462170745,-0.0009424031462170745,0.25,0.24999999999951641,-24.0,-23.999999999999684,0.0,0.00013553529862243968,0.0,2.6024956779397625e-12,0.0,1.1504480894526143e-11,24.0,23.999999999999996,0.0,-0.10860229174420037
60,-0.020833333333333332,30.801974957505863,0.0,0.0,0.0,0.0,0.0,0.0,-0.0009424031462170745,-0.0009424031462170745,0.25,0.24999999999951641,-24.0,-23.999999999999684,0.0,0.00013553529862243968,0.0,2.6024956779397625e-12,0.0,1.1504480894526143e-11,24.0,23.999999999999996,0.0,-0.10860229174420037
61,-0.010416666666666666,31.025178765352155,0.0,0.0,0.0,0.0,0.0,0.0,-0.0009424031462170745,-0.0009424031462170745,0.25,0.24999999999951641,-24.0,-23.999999999999684,0.0,0.00013553529862243968,0.0,2.6024956779397625e-12,0.0,1.1504480894526143e-11,24.0,23.999999999999996,0.0,-0.10860229174420037
62,0.0,31.25,0.0,0.0,0.0,0.0,0.0,0.0,-0.0009424031462170745,-0.0009424031462170745,0.25,0.24999999999951641,-24.0,-23.999999999999684,0.0,0.00013553529862243968,0.0,2.6024956779397625e-12,0.0,1.1504480894526143e-11,24.0,23.999999999999996,0.0,-0.10860229174420037
63,0.010416666666666666,31.476450381990748,0.0,0.0,-0.03135729166666666,-0.03135729166666666,-0.06271458333333332,-0.06271458333333332,-0.007182586446777309,-0.007182586446777309,0.2043197916666667,0.2043197916661949,-23.56271458333333,-23.562714583333022,0.0,0.0001258457429976316,0.0,2.399729188602977e-12,0.0,1.068740343309646e-11,24.0,23.999999999999996,0.0,-0.10716784634801568
64,0.020833333333333332,31.704541716797618,0.0,0.0,-0.06271458333333332,-0.06271458333333332,-0.12542916666666665,-0.12542916666666665,-0.013422769747337544,-0.013422769747337544,0.15863958333333333,0.15863958333287337,-23.125429166666667,-23.125429166666365,0.0,0.0001161561873728235,0.0,2.1969626992661913e-12,0.0,9.870325971666778e-12,24.0,23.999999999999996,0.0,-0.10573340095183098
65,0.03125,31.934285895441146,0.0,0.0,-0.094071875,-0.094071875,-0.18814375,-0.18814375,-0.01966295304789778,-0.01966295304789778,0.112959375,0.11295937499955183,-22.68814375,-22.688143749999707,0.0,0.00010646663174801544,0.0,1.9941962099294057e-12,0.0,9.053248510237095e-12,24.0,23.999999999999996,0.0,-0.10429895555564628
66,0.041666666666666664,32.16569489510913,0.0,0.0,-0.12542916666666665,-0.12542916666666665,-0.2508583333333333,-0.2508583333333333,-0.025903136348458013,-0.025903136348458013,0.0672791666666667,0.06727916666623035,-22.250858333333333,-22.25085833333305,0.0,9.677707612320733e-05,0.0,1.7914297205926206e-12,0.0,8.236171048807414e-12,24.0,23.999999999999996,0.0,-0.10286451015946158
67,0.052083333333333336,32.39878077978098,0.0,0.0,-0.15678645833333335,-0.15678645833333335,-0.3135729166666667,-0.3135729166666667,-0.03214331964901825,-0.03214331964901825,0.021598958333333307,0.021598958332908758,-21.813572916666665,-21.813572916666384,0.0,8.708752049839924e-05,0.0,1.5886632312558346e-12,0.0,7.41909358737773e-12,24.0,23.999999999999996,0.0,-0.10143006476327687
68,0.0625,32.63355570085668,0.0,0.0,-0.18814375,-0.18814375,-0.3762875,-0.3762875,-0.038383502949578485,-0.038383502949578485,-0.02408125,-0.024081250000412724,-21.3762875,-21.37628749999973,0.0,7.739796487359117e-05,0.0,1.3858967419190492e-12,0.0,6.602016125948049e-12,24.0,23.999999999999996,0.0,-0.09999561936709218
69,0.07291666666666667,32.87003189779029,0.0,0.0,-0.21950104166666667,-0.21950104166666667,-0.43900208333333335,-0.43900208333333335,-0.044623686250138725,-0.044623686250138725,-0.06976145833333333,-0.06976145833373426,-20.93900208333333,-20.939002083333072,0.0,6.770840924878309e-05,0.0,1.1831302525822636e-12,0.0,5.784938664518369e-12,24.0,23.999999999999996,0.0,-0.09856117397090748
70,0.08333333333333333,33.10822169872798,0.0,0.0,-0.2508583333333333,-0.2508583333333333,-0.5017166666666666,-0.5017166666666666,-0.05086386955069895,-0.05086386955069895,-0.11544166666666664,-0.11544166666705574,-20.501716666666667,-20.50171666666641,0.0,5.8018853623975e-05,0.0,9.80363763245478e-13,0.0,4.967861203088686e-12,24.0,23.999999999999996,0.0,-0.09712672857472278
71,0.09375,33.34813752115074,0.0,0.0,-0.28221562499999997,-0.28221562499999997,-0.5644312499999999,-0.5644312499999999,-0.05710405285125919,-0.05710405285125919,-0.16112187499999997,-0.16112187500037728,-20.06443125,-20.06443124999975,0.0,4.832929799916692e-05,0.0,7.775972739086926e-13,0.0,4.150783741659004e-12,24.0,23.999999999999996,0.0,-0.09569228317853809
72,0.10416666666666667,33.589791872521765,0.0,0.0,-0.3135729166666667,-0.3135729166666667,-0.6271458333333334,-0.6271458333333334,-0.06334423615181943,-0.06334423615181943,-0.20680208333333336,-0.20680208333369884,-19.627145833333334,-19.627145833333095,0.0,3.863974237435884e-05,0.0,5.74830784571907e-13,0.0,3.333706280229322e-12,24.0,23.999999999999996,0.0,-0.0942578377823534
73,0.11458333333333333,33.83319735093848,0.0,0.0,-0.3449302083333333,-0.3449302083333333,-0.6898604166666666,-0.6898604166666666,-0.06958441945237966,-0.06958441945237966,-0.2524822916666667,-0.25248229166702035,-19.189860416666665,-19.18986041666643,0.0,2.8950186749550745e-05,0.0,3.720642952351218e-13,0.0,2.5166288187996396e-12,24.0,23.999999999999996,0.0,-0.09282339238616868
74,0.125,34.0783666457893,0.0,0.0,-0.3762875,-0.3762875,-0.752575,-0.752575,-0.0758246027529399,-0.0758246027529399,-0.2981625,-0.29816250000034183,-18.752575,-18.752574999999776,0.0,1.9260631124742652e-05,0.0,1.692978058983358e-13,0.0,1.699551357369957e-12,24.0,23.999999999999996,0.0,-0.091388946989984
75,0.13541666666666666,34.32531253841521,0.0,0.0,-0.4076447916666666,-0.4076447916666666,-0.8152895833333332,-0.8152895833333332,-0.08206478605350012,-0.08206478605350012,-0.3438427083333333,-0.34384270833366337,-18.315289583333332,-18.315289583333115,0.0,9.571075499934586e-06,0.0,-3.3468683438449395e-14,0.0,8.824738959402761e-13,24.0,23.999999999999996,0.0,-0.0899545015937993
76,0.14583333333333334,34.574047902776044,0.0,0.0,-0.43900208333333335,-0.43900208333333335,-0.8780041666666667,-0.8780041666666667,-0.08830496935406038,-0.08830496935406038,-0.3895229166666667,-0.3895229166669849,-17.878004166666667,-17.878004166666457,0.0,-1.1848012487352148e-07,0.0,-2.362351727752354e-13,0.0,6.539643451059195e-14,24.0,23.999999999999996,0.0,-0.08852005619761459
77,0.15625,34.82458570612164,0.0,0.0,-0.470359375,-0.470359375,-0.94071875,-0.94071875,-0.0945451526546206,-0.0945451526546206,-0.435203125,-0.43520312500030645,-17.44071875,-17.4407187499998,0.0,-9.808035749681615e-06,0.0,-4.390016621120206e-13,0.0,-7.516810269190906e-13,24.0,23.999999999999996,0.0,-0.0870856108014299
78,0.16666666666666666,35.07693900966791,0.0,0.0,-0.5017166666666666,-0.5017166666666666,-1.0034333333333332,-1.0034333333333332,-0.10078533595518083,-0.10078533595518083,-0.4808833333333332,-0.48088333333362787,-17.003433333333334,-17.00343333333314,0.0,-1.9497591374489668e-05,0.0,-6.417681514488058e-13,0.0,-1.5687584883487715e-12,24.0,23.999999999999996,0.0,-0.0856511654052452
79,0.17708333333333334,35.33112096927768,0.0,0.0,-0.5330739583333334,-0.5330739583333334,-1.0661479166666668,-1.0661479166666668,-0.10702551925574108,-0.10702551925574108,-0.5265635416666667,-0.5265635416669495,-16.566147916666665,-16.56614791666648,0.0,-2.9187146999297775e-05,0.0,-8.445346407855918e-13,0.0,-2.3858359497784557e-12,24.0,23.999999999999996,0.0,-0.0842167200090605
80,0.1875,35.587144836146614,0.0,0.0,-0.5644312499999999,-0.5644312499999999,-1.1288624999999999,-1.1288624999999999,-0.1132657025563013,-0.1132657025563013,-0.5722437499999999,-0.572243750000271,-16.1288625,-16.128862499999823,0.0,-3.887670262410587e-05,0.0,-1.047301130122377e-12,0.0,-3.202913411208135e-12,24.0,23.999999999999996,0.0,-0.08278227461287581
81,0.19791666666666666,35.84502395749399,0.0,0.0,-0.5957885416666666,-0.5957885416666666,-1.1915770833333332,-1.1915770833333332,-0.11950588585686153,-0.11950588585686153,-0.6179239583333332,-0.6179239583335925,-15.691577083333334,-15.691577083333165,0.0,-4.856625824891392e-05,0.0,-1.2500676194591626e-12,0.0,-4.019990872637816e-12,24.0,23.999999999999996,0.0,-0.08134782921669112
82,0.20833333333333334,36.10477177725853,0.0,0.0,-0.6271458333333334,-0.6271458333333334,-1.2542916666666668,-1.2542916666666668,-0.12574606915742179,-0.12574606915742179,-0.6636041666666668,-0.6636041666669141,-15.254291666666667,-15.254291666666502,0.0,-5.825581387372203e-05,0.0,-1.4528341087959486e-12,0.0,-4.8370683340675e-12,24.0,23.999999999999996,0.0,-0.0799133838205064
83,0.21875,36.3664018367993,0.0,0.0,-0.658503125,-0.658503125,-1.31700625,-1.31700625,-0.131986252457982,-0.131986252457982,-0.709284375,-0.7092843750002356,-14.81700625,-14.817006249999844,0.0,-6.794536949853012e-05,0.0,-1.6556005981327342e-12,0.0,-5.654145795497181e-12,24.0,23.999999999999996,0.0,-0.07847893842432171
84,0.22916666666666666,36.62992777560161,0.0,0.0,-0.6898604166666666,-0.6898604166666666,-1.3797208333333333,-1.3797208333333333,-0.13822643575854224,-0.13822643575854224,-0.7549645833333333,-0.7549645833335571,-14.379720833333334,-14.379720833333188,0.0,-7.763492512333817e-05,0.0,-1.858367087469519e-12,0.0,-6.471223256926862e-12,24.0,23.999999999999996,0.0,-0.07704449302813701
85,0.23958333333333334,36.895363331988115,0.0,0.0,-0.7212177083333333,-0.7212177083333333,-1.4424354166666666,-1.4424354166666666,-0.1444666190591025,-0.1444666190591025,-0.8006447916666667,-0.8006447916668786,-13.942435416666667,-13.942435416666525,0.0,-8.732448074814631e-05,0.0,-2.061133576806305e-12,0.0,-7.288300718356548e-12,24.0,23.999999999999996,0.0,-0.07561004763195231
86,0.25,37.162722343835036,0.0,0.0,-0.752575,-0.752575,-1.50515,-1.50515,-0.15070680235966272,-0.15070680235966272,-0.846325,-0.8463250000002002,-13.50515,-13.505149999999867,0.0,-9.701403637295437e-05,0.0,-2.2639000661430905e-12,0.0,-8.105378179786229e-12,24.0,23.999999999999996,0.0,-0.07417560223576761
87,0.2604166666666667,37.43201874929351,0.0,0.0,-0.7839322916666667,-0.7839322916666667,-1.5678645833333333,-1.5678645833333333,-0.15694698566022297,-0.15694698566022297,-0.8920052083333334,-0.8920052083335217,-13.067864583333334,-13.067864583333208,0.0,-0.00010670359199776247,0.0,-2.4666665554798765e-12,0.0,-8.922455641215914e-12,24.0,23.999999999999996,0.0,-0.0727411568395829
88,0.2708333333333333,37.7032665875163,0.0,0.0,-0.8152895833333332,-0.8152895833333332,-1.6305791666666665,-1.6305791666666665,-0.16318716896078317,-0.16318716896078317,-0.9376854166666666,-0.9376854166668431,-12.630579166666667,-12.630579166666553,0.0,-0.00011639314762257052,0.0,-2.669433044816661e-12,0.0,-9.73953310264559e-12,24.0,24.0,0.0,-0.07130671144339823
89,0.28125,37.97647999938965,0.0,0.0,-0.846646875,-0.846646875,-1.69329375,-1.69329375,-0.16942735226134342,-0.16942735226134342,-0.983365625,-0.9833656250001648,-12.19329375,-12.19329374999989,0.0,-0.00012608270324737861,0.0,-2.872199534153447e-12,0.0,-1.0556610564075276e-11,24.0,23.999999999999996,0.0,-0.06987226604721353
90,0.2916666666666667,38.25167322827048,0.0,0.0,-0.8780041666666667,-0.8780041666666667,-1.7560083333333334,-1.7560083333333334,-0.17566753556190368,-0.17566753556190368,-1.0290458333333334,-1.0290458333334862,-11.756008333333334,-11.756008333333227,0.0,-0.00013577225887218672,0.0,-3.0749660234902337e-12,0.0,-1.1373688025504959e-11,24.0,23.999999999999996,0.0,-0.06843782065102881
91,0.3020833333333333,38.52886062072894,0.0,0.0,-0.9093614583333333,-0.9093614583333333,-1.8187229166666665,-1.8187229166666665,-0.18190771886246387,-0.18190771886246387,-1.0747260416666666,-1.0747260416668076,-11.318722916666667,-11.318722916666575,0.0,-0.00014546181449699477,0.0,-3.277732512827018e-12,0.0,-1.2190765486934638e-11,24.0,24.0,0.0,-0.06700337525484414
92,0.3125,38.808056627296374,0.0,0.0,-0.94071875,-0.94071875,-1.8814375,-1.8814375,-0.18814790216302413,-0.18814790216302413,-1.12040625,-1.1204062500001293,-10.8814375,-10.881437499999915,0.0,-0.0001551513701218029,0.0,-3.480499002163804e-12,0.0,-1.3007842948364324e-11,24.0,23.999999999999996,0.0,-0.06556892985865943
93,0.3229166666666667,39.08927580321861,0.0,0.0,-0.9720760416666667,-0.9720760416666667,-1.9441520833333334,-1.9441520833333334,-0.19438808546358438,-0.19438808546358438,-1.1660864583333335,-1.166086458333451,-10.444152083333334,-10.444152083333252,0.0,-0.00016484092574661096,0.0,-3.68326549150059e-12,0.0,-1.3824920409794005e-11,24.0,23.999999999999996,0.0,-0.06413448446247473
94,0.3333333333333333,39.37253280921479,0.0,0.0,-1.0034333333333332,-1.0034333333333332,-2.0068666666666664,-2.0068666666666664,-0.20062826876414458,-0.20062826876414458,-1.2117666666666664,-1.2117666666667721,-10.006866666666667,-10.006866666666596,0.0,-0.00017453048137141901,0.0,-3.886031980837375e-12,0.0,-1.4641997871223686e-11,24.0,24.0,0.0,-0.06270003906629004
95,0.34375,39.65784241224166,0.0,0.0,-1.034790625,-1.034790625,-2.06958125,-2.06958125,-0.20686845206470483,-0.20686845206470483,-1.257446875,-1.257446875000094,-9.56958125,-9.569581249999937,0.0,-0.00018422003699622715,0.0,-4.0887984701741605e-12,0.0,-1.5459075332653365e-11,24.0,24.0,0.0,-0.061265593670105326
96,0.3541666666666667,39.945219486263454,0.0,0.0,-1.0661479166666668,-1.0661479166666668,-2.1322958333333335,-2.1322958333333335,-0.2131086353652651,-0.2131086353652651,-1.3031270833333335,-1.3031270833334154,-9.132295833333332,-9.132295833333275,0.0,-0.00019390959262103523,0.0,-4.291564959510946e-12,0.0,-1.627615279408305e-11,24.0,23.999999999999996,0.0,-0.05983114827392062
97,0.3645833333333333,40.23467901302725,0.0,0.0,-1.0975052083333332,-1.0975052083333332,-2.1950104166666664,-2.1950104166666664,-0.21934881866582528,-0.21934881866582528,-1.3488072916666665,-1.3488072916667369,-8.695010416666669,-8.69501041666662,0.0,-0.00020359914824584328,0.0,-4.494331448847731e-12,0.0,-1.709323025551273e-11,24.0,24.0,0.0,-0.05839670287773595
98,0.375,40.52623608284405,0.0,0.0,-1.1288624999999999,-1.1288624999999999,-2.2577249999999998,-2.2577249999999998,-0.22558900196638554,-0.22558900196638554,-1.3944874999999999,-1.3944875000000583,-8.257725,-8.257724999999958,0.0,-0.0002132887038706514,0.0,-4.6970979381845165e-12,0.0,-1.7910307716942416e-11,24.0,24.0,0.0,-0.05696225748155124
99,0.3854166666666667,40.819905895375484,0.0,0.0,-1.1602197916666668,-1.1602197916666668,-2.3204395833333336,-2.3204395833333336,-0.2318291852669458,-0.2318291852669458,-1.4401677083333335,-1.4401677083333801,-7.820439583333332,-7.8204395833333,0.0,-0.0002229782594954595,0.0,-4.899864427521304e-12,0.0,-1.8727385178372102e-11,24.0,23.999999999999996,0.0,-0.05552781208536653
100,0.3958333333333333,41.11570376042618,0.0,0.0,-1.1915770833333332,-1.1915770833333332,-2.3831541666666665,-2.3831541666666665,-0.238069368567506,-0.238069368567506,-1.4858479166666665,-1.4858479166667014,-7.383154166666668,-7.383154166666643,0.0,-0.00023266781512026752,0.0,-5.102630916858088e-12,0.0,-1.9544462639801775e-11,24.0,24.0,0.0,-0.054093366689181854
101,0.40625,41.41364509874192,0.0,0.0,-1.222934375,-1.222934375,-2.44586875,-2.44586875,-0.24430955186806624,-0.24430955186806624,-1.531528125,-1.531528125000023,-6.94586875,-6.945868749999982,0.0,-0.00024235737074507566,0.0,-5.305397406194874e-12,0.0,-2.036154010123146e-11,24.0,24.0,0.0,-0.05265892129299715
102,0.4166666666666667,41.713745442813575,0.0,0.0,-1.2542916666666668,-1.2542916666666668,-2.5085833333333336,-2.5085833333333336,-0.2505497351686265,-0.2505497351686265,-1.5772083333333335,-1.5772083333333446,-6.508583333333332,-6.508583333333322,0.0,-0.0002520469263698837,0.0,-5.50816389553166e-12,0.0,-2.1178617562661143e-11,24.0,23.999999999999996,0.0,-0.05122447589681244
103,0.4270833333333333,42.016020437686855,0.0,0.0,-1.2856489583333333,-1.2856489583333333,-2.5712979166666665,-2.5712979166666665,-0.2567899184691867,-0.2567899184691867,-1.6228885416666665,-1.6228885416666659,-6.071297916666668,-6.0712979166666665,0.0,-0.00026173648199469176,0.0,-5.7109303848684444e-12,0.0,-2.1995695024090822e-11,24.0,24.0,0.0,-0.049790030500627754
104,0.4375,42.320485841777895,0.0,0.0,-1.31700625,-1.31700625,-2.6340125,-2.6340125,-0.26303010176974695,-0.26303010176974695,-1.66856875,-1.6685687499999875,-5.6340125,-5.634012500000005,0.0,-0.0002714260376194999,0.0,-5.913696874205231e-12,0.0,-2.2812772485520505e-11,24.0,24.0,0.0,-0.048355585104443044
105,0.4479166666666667,42.62715752769485,0.0,0.0,-1.3483635416666666,-1.3483635416666666,-2.696727083333333,-2.696727083333333,-0.2692702850703072,-0.2692702850703072,-1.7142489583333334,-1.7142489583333091,-5.196727083333331,-5.196727083333344,0.0,-0.00028111559324430803,0.0,-6.116463363542017e-12,0.0,-2.362984994695019e-11,24.0,23.999999999999996,0.0,-0.04692113970825834
106,0.4583333333333333,42.936051483065285,0.0,0.0,-1.3797208333333333,-1.3797208333333333,-2.7594416666666666,-2.7594416666666666,-0.2755104683708674,-0.2755104683708674,-1.7599291666666665,-1.7599291666666306,-4.759441666666668,-4.75944166666669,0.0,-0.00029080514886911603,0.0,-6.3192298528788004e-12,0.0,-2.4446927408379867e-11,24.0,24.0,0.0,-0.04548669431207367
107,0.46875,43.24718381136975,0.0,0.0,-1.411078125,-1.411078125,-2.82215625,-2.82215625,-0.28175065167142765,-0.28175065167142765,-1.805609375,-1.805609374999952,-4.32215625,-4.322156250000028,0.0,-0.00030049470449392413,0.0,-6.521996342215587e-12,0.0,-2.5264004869809553e-11,24.0,24.0,0.0,-0.04405224891588896
108,0.4791666666666667,43.56057073278123,0.0,0.0,-1.4424354166666666,-1.4424354166666666,-2.8848708333333333,-2.8848708333333333,-0.2879908349719879,-0.2879908349719879,-1.8512895833333334,-1.8512895833332736,-3.8848708333333315,-3.884870833333367,0.0,-0.0003101842601187323,0.0,-6.7247628315523724e-12,0.0,-2.6081082331239238e-11,24.0,23.999999999999996,0.0,-0.04261780351970425
109,0.4895833333333333,43.87622858501077,0.0,0.0,-1.4737927083333333,-1.4737927083333333,-2.9475854166666666,-2.9475854166666666,-0.2942310182725481,-0.2942310182725481,-1.8969697916666666,-1.8969697916665953,-3.4475854166666684,-3.447585416666713,0.0,-0.0003198738157435403,0.0,-6.927529320889158e-12,0.0,-2.6898159792668914e-11,24.0,24.0,0.0,-0.041183358123519566
110,0.5,44.19417382415922,0.0,0.0,-1.50515,-1.50515,-3.0103,-3.0103,-0.30047120157310836,-0.30047120157310836,-1.94265,-1.9426499999999167,-3.0103,-3.0103000000000515,0.0,-0.0003295633713683484,0.0,-7.130295810225944e-12,0.0,-2.77152372540986e-11,24.0,24.0,0.0,-0.039748912727334856
111,0.5104166666666666,44.514423025575105,0.0,0.0,-1.5365072916666664,-1.5365072916666664,-3.073014583333333,-3.073014583333333,-0.30671138487366856,-0.30671138487366856,-1.9883302083333332,-1.9883302083332381,-2.573014583333333,-2.5730145833333933,0.0,-0.00033925292699315645,0.0,-7.33306229956273e-12,0.0,-2.853231471552828e-11,24.0,24.0,0.0,-0.03831446733115017
112,0.5208333333333334,44.836992884718754,0.0,0.0,-1.5678645833333333,-1.5678645833333333,-3.1357291666666667,-3.1357291666666667,-0.31295156817422887,-0.31295156817422887,-2.034010416666667,-2.03401041666656,-2.1357291666666667,-2.1357291666667306,0.0,-0.0003489424826179646,0.0,-7.535828788899516e-12,0.0,-2.934939217695797e-11,24.0,24.0,0.0,-0.036880021934965465
113,0.53125,45.161900218032706,0.0,0.0,-1.599221875,-1.599221875,-3.19844375,-3.19844375,-0.31919175147478906,-0.31919175147478906,-2.079690625,-2.0796906249998814,-1.69844375,-1.6984437500000746,0.0,-0.00035863203824277267,0.0,-7.7385952782363e-12,0.0,-3.0166469638387645e-11,24.0,24.0,0.0,-0.03544557653878076
114,0.5416666666666666,45.489161963818354,0.0,0.0,-1.6305791666666665,-1.6305791666666665,-3.261158333333333,-3.261158333333333,-0.32543193477534926,-0.32543193477534926,-2.125370833333333,-2.1253708333332026,-1.261158333333333,-1.2611583333334164,0.0,-0.0003683215938675807,0.0,-7.941361767573085e-12,0.0,-3.0983547099817324e-11,24.0,24.0,0.0,-0.034011131142596074
115,0.5520833333333334,45.818795183119015,0.0,0.0,-1.6619364583333334,-1.6619364583333334,-3.3238729166666667,-3.3238729166666667,-0.33167211807590957,-0.33167211807590957,-2.171051041666667,-2.1710510416665243,-0.8238729166666667,-0.8238729166667556,0.0,-0.0003780111494923889,0.0,-8.144128256909872e-12,0.0,-3.1800624561247016e-11,24.0,24.0,0.0,-0.032576685746411364
116,0.5625,46.150817060609356,0.0,0.0,-1.69329375,-1.69329375,-3.3865875,-3.3865875,-0.33791230137646977,-0.33791230137646977,-2.21673125,-2.216731249999846,-0.3865875000000001,-0.3865875000000978,0.0,-0.00038770070511719694,0.0,-8.346894746246656e-12,0.0,-3.2617702022676695e-11,24.0,24.0,0.0,-0.031142240350226672
117,0.5729166666666666,46.48524490549127,0.0,0.0,-1.7246510416666665,-1.7246510416666665,-3.449302083333333,-3.449302083333333,-0.34415248467702997,-0.34415248467702997,-2.2624114583333332,-2.262411458333167,0.05069791666666701,0.05069791666656043,0.0,-0.000397390260742005,0.0,-8.549661235583443e-12,0.0,-3.3434779484106375e-11,24.0,24.0,0.0,-0.029707794954041977
118,0.5833333333333334,46.8220961523963,0.0,0.0,-1.7560083333333334,-1.7560083333333334,-3.512016666666667,-3.512016666666667,-0.3503926679775903,-0.3503926679775903,-2.308091666666667,-2.3080916666664892,0.4879833333333332,0.4879833333332231,0.0,-0.0004070798163668131,0.0,-8.752427724920229e-12,0.0,-3.425185694553606e-11,24.0,24.0,0.0,-0.028273349557857267
119,0.59375,47.16138836229447,0.0,0.0,-1.787365625,-1.787365625,-3.57473125,-3.57473125,-0.3566328512781505,-0.3566328512781505,-2.353771875,-2.3537718749998104,0.9252687499999999,0.9252687499998791,0.0,-0.0004167693719916212,0.0,-8.955194214257014e-12,0.0,-3.506893440696574e-11,24.0,24.0,0.0,-0.02683890416167258
120,0.6041666666666666,47.50313922340984,0.0,0.0,-1.8187229166666665,-1.8187229166666665,-3.637445833333333,-3.637445833333333,-0.3628730345787107,-0.3628730345787107,-2.3994520833333333,-2.3994520833331316,1.362554166666667,1.3625541666665373,0.0,-0.00042645892761642926,0.0,-9.157960703593799e-12,0.0,-3.588601186839542e-11,24.0,24.0,0.0,-0.025404458765487886
121,0.6145833333333334,47.84736655214267,0.0,0.0,-1.8500802083333334,-1.8500802083333334,-3.700160416666667,-3.700160416666667,-0.369113217879271,-0.369113217879271,-2.445132291666667,-2.4451322916664537,1.7998395833333332,1.7998395833331982,0.0,-0.00043614848324123736,0.0,-9.360727192930585e-12,0.0,-3.6703089329825105e-11,24.0,24.0,0.0,-0.023970013369303177
122,0.625,48.19408829399815,0.0,0.0,-1.8814375,-1.8814375,-3.762875,-3.762875,-0.3753534011798312,-0.3753534011798312,-2.4908125,-2.490812499999775,2.237125,2.237124999999856,0.0,-0.00044583803886604547,0.0,-9.56349368226737e-12,0.0,-3.752016679125479e-11,24.0,24.0,0.0,-0.02253556797311848
123,0.6354166666666666,48.54332252452205,0.0,0.0,-1.9127947916666665,-1.9127947916666665,-3.825589583333333,-3.825589583333333,-0.3815935844803914,-0.3815935844803914,-2.5364927083333333,-2.536492708333096,2.674410416666667,2.674410416666514,0.0,-0.00045552759449085347,0.0,-9.766260171604155e-12,0.0,-3.8337244252684464e-11,24.0,24.0,0.0,-0.02110112257693379
124,0.6458333333333334,48.89508745024295,0.0,0.0,-1.9441520833333334,-1.9441520833333334,-3.888304166666667,-3.888304166666667,-0.3878337677809517,-0.3878337677809517,-2.582172916666667,-2.5821729166664182,3.111695833333333,3.111695833333177,0.0,-0.00046521715011566163,0.0,-9.969026660940943e-12,0.0,-3.9154321714114156e-11,24.0,24.0,0.0,-0.019666677180749083
125,0.65625,49.249401409621456,0.0,0.0,-1.975509375,-1.975509375,-3.95101875,-3.95101875,-0.3940739510815119,-0.3940739510815119,-2.6278531249999997,-2.6278531249997394,3.54898125,3.548981249999833,0.0,-0.00047490670574046974,0.0,-1.0171793150277726e-11,0.0,-3.997139917554383e-11,24.0,24.0,0.0,-0.01823223178456439
126,0.6666666666666666,49.60628287400623,0.0,0.0,-2.0068666666666664,-2.0068666666666664,-4.013733333333333,-4.013733333333333,-0.4003141343820721,-0.4003141343820721,-2.673533333333333,-2.6735333333330606,3.9862666666666673,3.9862666666664914,0.0,-0.00048459626136527773,0.0,-1.0374559639614512e-11,0.0,-4.0788476636973514e-11,24.0,24.0,0.0,-0.01679778638837969
127,0.6770833333333334,49.96575044859695,0.0,0.0,-2.0382239583333335,-2.0382239583333335,-4.076447916666667,-4.076447916666667,-0.4065543176826324,-0.4065543176826324,-2.719213541666667,-2.7192135416663827,4.423552083333333,4.423552083333152,0.0,-0.0004942858169900858,0.0,-1.0577326128951299e-11,0.0,-4.16055540984032e-11,24.0,24.0,0.0,-0.015363340992194986
128,0.6875,50.3278228734142,0.0,0.0,-2.06958125,-2.06958125,-4.1391625,-4.1391625,-0.4127945009831926,-0.4127945009831926,-2.76489375,-2.7648937499997044,4.8608375,4.860837499999811,0.0,-0.000503975372614894,0.0,-1.0780092618288084e-11,0.0,-4.242263155983288e-11,24.0,24.0,0.0,-0.013928895596010293
129,0.6979166666666666,50.69251902427651,0.0,0.0,-2.1009385416666664,-2.1009385416666664,-4.201877083333333,-4.201877083333333,-0.4190346842837528,-0.4190346842837528,-2.810573958333333,-2.810573958333025,5.298122916666667,5.298122916666468,0.0,-0.000513664928239702,0.0,-1.0982859107624868e-11,0.0,-4.323970902126255e-11,24.0,24.0,0.0,-0.012494450199825601
130,0.7083333333333334,51.05985791378438,0.0,0.0,-2.1322958333333335,-2.1322958333333335,-4.264591666666667,-4.264591666666667,-0.4252748675843131,-0.4252748675843131,-2.856254166666667,-2.8562541666663472,5.735408333333333,5.7354083333331305,0.0,-0.0005233544838645102,0.0,-1.1185625596961655e-11,0.0,-4.4056786482692245e-11,24.0,24.0,0.0,-0.011060004803640895
131,0.71875,51.429858692311406,0.0,0.0,-2.163653125,-2.163653125,-4.32730625,-4.32730625,-0.4315150508848733,-0.4315150508848733,-2.901934375,-2.901934374999669,6.17269375,6.1726937499997865,0.0,-0.0005330440394893183,0.0,-1.138839208629844e-11,0.0,-4.4873863944121924e-11,24.0,24.0,0.0,-0.009625559407456196
132,0.7291666666666666,51.80254064900273,0.0,0.0,-2.1950104166666664,-2.1950104166666664,-4.390020833333333,-4.390020833333333,-0.4377552341854335,-0.4377552341854335,-2.947614583333333,-2.94761458333299,6.609979166666667,6.609979166666447,0.0,-0.0005427335951141263,0.0,-1.1591158575635224e-11,0.0,-4.5690941405551603e-11,24.0,24.0,0.0,-0.008191114011271507
133,0.7395833333333334,52.177923212780584,0.0,0.0,-2.2263677083333335,-2.2263677083333335,-4.452735416666667,-4.452735416666667,-0.4439954174859938,-0.4439954174859938,-2.993294791666667,-2.9932947916663117,7.047264583333333,7.047264583333107,0.0,-0.0005524231507389344,0.0,-1.1793925064972012e-11,0.0,-4.6508018866981296e-11,24.0,24.0,0.0,-0.006756668615086798
134,0.75,52.55602595335716,0.0,0.0,-2.2577249999999998,-2.2577249999999998,-4.5154499999999995,-4.5154499999999995,-0.450235600786554,-0.450235600786554,-3.0389749999999998,-3.038974999999633,7.4845500000000005,7.484549999999766,0.0,-0.0005621127063637425,0.0,-1.1996691554308795e-11,0.0,-4.7325096328410975e-11,24.0,24.0,0.0,-0.005322223218902102
135,0.7604166666666666,52.93686858225487,0.0,0.0,-2.2890822916666664,-2.2890822916666664,-4.578164583333333,-4.578164583333333,-0.4564757840871142,-0.4564757840871142,-3.084655208333333,-3.0846552083329546,7.921835416666667,7.921835416666422,0.0,-0.0005718022619885505,0.0,-1.2199458043645582e-11,0.0,-4.814217378984065e-11,24.0,24.0,0.0,-0.00388777782271741
136,0.7708333333333334,53.320470953833926,0.0,0.0,-2.3204395833333336,-2.3204395833333336,-4.640879166666667,-4.640879166666667,-0.4627159673876745,-0.4627159673876745,-3.130335416666667,-3.1303354166662767,8.359120833333332,8.359120833333083,0.0,-0.0005814918176133586,0.0,-1.2402224532982368e-11,0.0,-4.895925125127034e-11,24.0,24.0,0.0,-0.0024533324265327006
137,0.78125,53.70685306632743,0.0,0.0,-2.351796875,-2.351796875,-4.70359375,-4.70359375,-0.4689561506882347,-0.4689561506882347,-3.176015625,-3.1760156249995974,8.79640625,8.796406249999743,0.0,-0.0005911813732381667,0.0,-1.2604991022319153e-11,0.0,-4.977632871270002e-11,24.0,24.0,0.0,-0.0010188870303480119
138,0.7916666666666666,54.096035062883935,0.0,0.0,-2.3831541666666665,-2.3831541666666665,-4.766308333333333,-4.766308333333333,-0.4751963339887949,-0.4751963339887949,-3.221695833333333,-3.221695833332919,9.233691666666667,9.233691666666397,0.0,-0.0006008709288629747,0.0,-1.2807757511655938e-11,0.0,-5.05934061741297e-11,24.0,24.0,0.0,0.00041555836583668376
139,0.8020833333333334,54.488037232617536,0.0,0.0,-2.4145114583333336,-2.4145114583333336,-4.829022916666667,-4.829022916666667,-0.4814365172893552,-0.4814365172893552,-3.267376041666667,-3.267376041666241,9.670977083333334,9.670977083333064,0.0,-0.0006105604844877829,0.0,-1.3010524000992724e-11,0.0,-5.141048363555939e-11,24.0,24.0,0.0,0.0018500037620213898
140,0.8125,54.882880011665605,0.0,0.0,-2.44586875,-2.44586875,-4.8917375,-4.8917375,-0.4876767005899154,-0.4876767005899154,-3.31305625,-3.3130562499995624,10.1082625,10.10826249999972,0.0,-0.000620250040112591,0.0,-1.321329049032951e-11,0.0,-5.2227561096989064e-11,24.0,24.0,0.0,0.0032844491582060854
141,0.8229166666666666,55.280583984254214,0.0,0.0,-2.4772260416666665,-2.4772260416666665,-4.954452083333333,-4.954452083333333,-0.4939168838904756,-0.4939168838904756,-3.358736458333333,-3.358736458332884,10.545547916666667,10.545547916666377,0.0,-0.000629939595737399,0.0,-1.3416056979666294e-11,0.0,-5.304463855841874e-11,24.0,24.0,0.0,0.004718894554390778
142,0.8333333333333334,55.681169883771204,0.0,0.0,-2.5085833333333336,-2.5085833333333336,-5.017166666666667,-5.017166666666667,-0.5001570671910359,-0.5001570671910359,-3.404416666666667,-3.4044166666662057,10.982833333333332,10.982833333333037,0.0,-0.0006396291513622071,0.0,-1.3618823469003082e-11,0.0,-5.386171601984843e-11,24.0,24.0,0.0,0.006153339950575484
143,0.84375,56.0846585938471,0.0,0.0,-2.539940625,-2.539940625,-5.07988125,-5.07988125,-0.5063972504915961,-0.5063972504915961,-3.450096875,-3.450096874999527,11.42011875,11.420118749999695,0.0,-0.0006493187069870152,0.0,-1.3821589958339867e-11,0.0,-5.4678793481278115e-11,24.0,24.0,0.0,0.007587785346760179
144,0.8541666666666666,56.49107114944381,0.0,0.0,-2.5712979166666665,-2.5712979166666665,-5.142595833333333,-5.142595833333333,-0.5126374337921563,-0.5126374337921563,-3.495777083333333,-3.4957770833328485,11.857404166666667,11.857404166666354,0.0,-0.0006590082626118232,0.0,-1.4024356447676651e-11,0.0,-5.5495870942707794e-11,24.0,24.0,0.0,0.009022230742944875
145,0.8645833333333334,56.90042873795127,0.0,0.0,-2.6026552083333336,-2.6026552083333336,-5.205310416666667,-5.205310416666667,-0.5188776170927166,-0.5188776170927166,-3.541457291666667,-3.5414572916661706,12.294689583333334,12.294689583333014,0.0,-0.0006686978182366313,0.0,-1.4227122937013438e-11,0.0,-5.631294840413747e-11,24.0,24.0,0.0,0.010456676139129581
146,0.875,57.31275270029195,0.0,0.0,-2.6340125,-2.6340125,-5.268025,-5.268025,-0.5251178003932768,-0.5251178003932768,-3.5871375,-3.5871374999994914,12.731975,12.731974999999673,0.0,-0.0006783873738614396,0.0,-1.4429889426350224e-11,0.0,-5.713002586556715e-11,24.0,24.0,0.0,0.011891121535314275
147,0.8854166666666666,57.728064532033464,0.0,0.0,-2.6653697916666665,-2.6653697916666665,-5.330739583333333,-5.330739583333333,-0.531357983693837,-0.531357983693837,-3.632817708333333,-3.632817708332813,13.169260416666667,13.16926041666633,0.0,-0.0006880769294862475,0.0,-1.463265591568701e-11,0.0,-5.794710332699683e-11,24.0,24.0,0.0,0.013325566931498965
148,0.8958333333333334,58.146385884509165,0.0,0.0,-2.696727083333333,-2.696727083333333,-5.393454166666666,-5.393454166666666,-0.5375981669943973,-0.5375981669943973,-3.6784979166666667,-3.6784979166661342,13.606545833333334,13.606545833332993,0.0,-0.0006977664851110558,0.0,-1.4835422405023795e-11,0.0,-5.876418078842652e-11,24.0,24.0,0.0,0.014760012327683675
149,0.90625,58.567738565946875,0.0,0.0,-2.728084375,-2.728084375,-5.45616875,-5.45616875,-0.5438383502949575,-0.5438383502949575,-3.724178125,-3.724178124999456,14.04383125,14.043831249999648,0.0,-0.0007074560407358638,0.0,-1.503818889436058e-11,0.0,-5.95812582498562e-11,24.0,24.0,0.0,0.01619445772386837
150,0.9166666666666666,58.992144542605836,0.0,0.0,-2.7594416666666666,-2.7594416666666666,-5.518883333333333,-5.518883333333333,-0.5500785335955177,-0.5500785335955177,-3.7698583333333335,-3.7698583333327775,14.481116666666667,14.481116666666308,0.0,-0.0007171455963606718,0.0,-1.5240955383697365e-11,0.0,-6.039833571128588e-11,24.0,24.0,0.0,0.01762890312005306
151,0.9270833333333334,59.41962593992189,0.0,0.0,-2.7907989583333332,-2.7907989583333332,-5.5815979166666665,-5.5815979166666665,-0.556318716896078,-0.556318716896078,-3.8155385416666663,-3.815538541666099,14.918402083333334,14.918402083332971,0.0,-0.00072683515198548,0.0,-1.544372187303415e-11,0.0,-6.121541317271557e-11,24.0,24.0,0.0,0.01906334851623777
152,0.9375,59.85020504366086,0.0,0.0,-2.82215625,-2.82215625,-5.6443125,-5.6443125,-0.5625589001966382,-0.5625589001966382,-3.86121875,-3.861218749999421,15.3556875,15.355687499999627,0.0,-0.000736524707610288,0.0,-1.5646488362370935e-11,0.0,-6.203249063414525e-11,24.0,24.0,0.0,0.02049779391242246
153,0.9479166666666666,60.28390430108042,0.0,0.0,-2.8535135416666666,-2.8535135416666666,-5.707027083333333,-5.707027083333333,-0.5687990834971984,-0.5687990834971984,-3.9068989583333336,-3.906898958332742,15.792972916666667,15.792972916666283,0.0,-0.000746214263235096,0.0,-1.5849254851707724e-11,0.0,-6.284956809557492e-11,24.0,24.0,0.0,0.021932239308607156
154,0.9583333333333334,60.72074632210037,0.0,0.0,-2.8848708333333333,-2.8848708333333333,-5.7697416666666665,-5.7697416666666665,-0.5750392667977587,-0.5750392667977587,-3.9525791666666663,-3.9525791666660637,16.23025833333333,16.230258333332948,0.0,-0.0007559038188599043,0.0,-1.6052021341044507e-11,0.0,-6.366664555700461e-11,24.0,24.0,0.0,0.023366684704791866
155,0.96875,61.16075388048125,0.0,0.0,-2.916228125,-2.916228125,-5.83245625,-5.83245625,-0.5812794500983189,-0.5812794500983189,-3.998259375,-3.9982593749993853,16.66754375,16.667543749999606,0.0,-0.0007655933744847123,0.0,-1.6254787830381294e-11,0.0,-6.448372301843429e-11,24.0,24.0,0.0,0.024801130100976558
156,0.9791666666666666,61.603949915011725,0.0,0.0,-2.9475854166666666,-2.9475854166666666,-5.895170833333333,-5.895170833333333,-0.5875196333988791,-0.5875196333988791,-4.043939583333334,-4.0439395833327065,17.10482916666667,17.104829166666264,0.0,-0.0007752829301095203,0.0,-1.6457554319718077e-11,0.0,-6.530080047986397e-11,24.0,24.0,0.0,0.02623557549716125
157,0.9895833333333334,62.05035753070431,0.0,0.0,-2.9789427083333333,-2.9789427083333333,-5.957885416666667,-5.957885416666667,-0.5937598166994394,-0.5937598166994394,-4.089619791666666,-4.089619791666029,17.542114583333333,17.54211458333292,0.0,-0.0007849724857343285,0.0,-1.6660320809054867e-11,0.0,-6.611787794129366e-11,24.0,24.0,0.0,0.027670020893345956
158,1.0,62.5,0.0,0.0,-3.0103,-3.0103,-6.0206,-6.0206,-0.5999999999999996,-0.5999999999999996,-4.1353,-4.13529999999935,17.9794,17.97939999999958,0.0,-0.0007946620413591365,0.0,-1.686308729839165e-11,0.0,-6.693495540272334e-11,24.0,24.0,0.0,0.029104466289530652
159,1.0104166666666667,62.952900763981496,0.0,0.0,-3.041657291666667,-3.041657291666667,-6.083314583333334,-6.083314583333334,-0.6106600594659343,-0.6106600594659343,-4.126292708333334,-4.126292708332695,17.416685416666667,17.41668541666625,0.0,-0.000754685219411443,0.0,-1.6020150605917857e-11,0.0,-6.358752751764143e-11,24.0,24.0,0.0,0.02871988254260421
160,1.0208333333333333,63.40908343359522,0.0,0.0,-3.0730145833333333,-3.0730145833333333,-6.146029166666667,-6.146029166666667,-0.6213201189318687,-0.6213201189318687,-4.117285416666666,-4.11728541666604,16.853970833333335,16.85397083333293,0.0,-0.00071470839746375,0.0,-1.5177213913444083e-11,0.0,-6.02400996325596e-11,24.0,24.0,0.0,0.028335298795677782
161,1.03125,63.86857179088229,0.0,0.0,-3.104371875,-3.104371875,-6.20874375,-6.20874375,-0.6319801783978033,-0.6319801783978033,-4.108278125,-4.108278124999385,16.29125625,16.291256249999606,0.0,-0.0006747315755160565,0.0,-1.4334277220970293e-11,0.0,-5.6892671747477684e-11,24.0,24.0,0.0,0.02795071504875134
162,1.0416666666666667,64.33138979021825,0.0,0.0,-3.135729166666667,-3.135729166666667,-6.271458333333334,-6.271458333333334,-0.642640237863738,-0.642640237863738,-4.099270833333334,-4.099270833332731,15.728541666666665,15.72854166666627,0.0,-0.0006347547535683628,0.0,-1.34913405284965e-11,0.0,-5.3545243862395765e-11,24.0,24.0,0.0,0.027566131301824903
163,1.0520833333333333,64.79756155956194,0.0,0.0,-3.1670864583333334,-3.1670864583333334,-6.334172916666667,-6.334172916666667,-0.6533002973296724,-0.6533002973296724,-4.090263541666667,-4.090263541666076,15.165827083333333,15.165827083332957,0.0,-0.00059477793162067,0.0,-1.2648403836022726e-11,0.0,-5.0197815977313936e-11,24.0,24.0,0.0,0.027181547554898468
164,1.0625,65.26711140171336,0.0,0.0,-3.19844375,-3.19844375,-6.3968875,-6.3968875,-0.663960356795607,-0.663960356795607,-4.08125625,-4.081256249999421,14.6031125,14.603112499999623,0.0,-0.0005548011096729765,0.0,-1.1805467143548933e-11,0.0,-4.685038809223202e-11,24.0,24.0,0.0,0.026796963807972026
165,1.0729166666666667,65.74006379558058,0.0,0.0,-3.229801041666667,-3.229801041666667,-6.459602083333334,-6.459602083333334,-0.6746204162615417,-0.6746204162615417,-4.072248958333334,-4.072248958332766,14.040397916666667,14.040397916666297,0.0,-0.0005148242877252829,0.0,-1.096253045107514e-11,0.0,-4.35029602071501e-11,24.0,24.0,0.0,0.02641238006104559
166,1.0833333333333333,66.21644339745596,0.0,0.0,-3.2611583333333334,-3.2611583333333334,-6.522316666666667,-6.522316666666667,-0.6852804757274762,-0.6852804757274762,-4.063241666666666,-4.063241666666111,13.477683333333333,13.477683333332978,0.0,-0.0004748474657775901,0.0,-1.0119593758601369e-11,0.0,-4.015553232206827e-11,24.0,24.0,0.0,0.026027796314119157
167,1.09375,66.69627504230148,0.0,0.0,-3.292515625,-3.292515625,-6.58503125,-6.58503125,-0.6959405351934109,-0.6959405351934109,-4.054234375,-4.0542343749994565,12.91496875,12.914968749999648,0.0,-0.0004348706438298965,0.0,-9.276657066127576e-12,0.0,-3.680810443698635e-11,24.0,24.0,0.0,0.02564321256719272
168,1.1041666666666667,67.17958374504353,0.0,0.0,-3.3238729166666667,-3.3238729166666667,-6.6477458333333335,-6.6477458333333335,-0.7066005946593454,-0.7066005946593454,-4.045227083333334,-4.045227083332801,12.352254166666667,12.352254166666322,0.0,-0.00039489382188220287,0.0,-8.433720373653783e-12,0.0,-3.346067655190444e-11,24.0,24.0,0.0,0.025258628820266277
169,1.1145833333333333,67.66639470187695,0.0,0.0,-3.3552302083333334,-3.3552302083333334,-6.710460416666667,-6.710460416666667,-0.71726065412528,-0.71726065412528,-4.036219791666667,-4.036219791666147,11.789539583333333,11.789539583333003,0.0,-0.00035491699993451007,0.0,-7.590783681180009e-12,0.0,-3.0113248666822604e-11,24.0,24.0,0.0,0.024874045073339845
170,1.125,68.1567332915786,0.0,0.0,-3.3865875,-3.3865875,-6.773175,-6.773175,-0.7279207135912145,-0.7279207135912145,-4.0272125,-4.027212499999492,11.226825,11.226824999999673,0.0,-0.00031494017798681646,0.0,-6.747846988706219e-12,0.0,-2.6765820781740692e-11,24.0,24.0,0.0,0.024489461326413407
171,1.1354166666666667,68.65062507683042,0.0,0.0,-3.4179447916666668,-3.4179447916666668,-6.8358895833333335,-6.8358895833333335,-0.7385807730571491,-0.7385807730571491,-4.018205208333333,-4.018205208332836,10.664110416666666,10.66411041666634,0.0,-0.00027496335603912286,0.0,-5.904910296232426e-12,0.0,-2.3418392896658786e-11,24.0,24.0,0.0,0.024104877579486966
172,1.1458333333333333,69.14809580555207,0.0,0.0,-3.4493020833333334,-3.4493020833333334,-6.898604166666667,-6.898604166666667,-0.7492408325230836,-0.7492408325230836,-4.009197916666667,-4.009197916666182,10.101395833333333,10.101395833333024,0.0,-0.00023498653409143006,0.0,-5.061973603758652e-12,0.0,-2.0070965011576945e-11,24.0,24.0,0.0,0.02372029383256053
173,1.15625,69.64917141224328,0.0,0.0,-3.480659375,-3.480659375,-6.96131875,-6.96131875,-0.7599008919890182,-0.7599008919890182,-4.000190625,-4.000190624999528,9.53868125,9.538681249999694,0.0,-0.00019500971214373645,0.0,-4.219036911284861e-12,0.0,-1.672353712649504e-11,24.0,24.0,0.0,0.023335710085634096
174,1.1666666666666667,70.15387801933582,0.0,0.0,-3.512016666666667,-3.512016666666667,-7.024033333333334,-7.024033333333334,-0.770560951454953,-0.770560951454953,-3.9911833333333333,-3.9911833333328723,8.975966666666665,8.975966666666364,0.0,-0.0001550328901960429,0.0,-3.3761002188110676e-12,0.0,-1.337610924141312e-11,24.0,24.0,0.0,0.022951126338707654
175,1.1770833333333333,70.66224193855535,0.0,0.0,-3.5433739583333335,-3.5433739583333335,-7.086747916666667,-7.086747916666667,-0.7812210109208872,-0.7812210109208872,-3.982176041666667,-3.982176041666218,8.413252083333335,8.413252083333045,0.0,-0.00011505606824835,0.0,-2.5331635263372955e-12,0.0,-1.0028681356331279e-11,24.0,24.0,0.0,0.022566542591781223
176,1.1875,71.17428967229323,0.0,0.0,-3.5747312499999997,-3.5747312499999997,-7.149462499999999,-7.149462499999999,-0.791881070386822,-0.791881070386822,-3.9731687499999997,-3.9731687499995623,7.850537500000001,7.850537499999718,0.0,-7.507924630065644e-05,0.0,-1.6902268338635023e-12,0.0,-6.681253471249373e-12,24.0,24.0,0.0,0.02218195884485478
177,1.1979166666666667,71.69004791498799,0.0,0.0,-3.606088541666667,-3.606088541666667,-7.212177083333334,-7.212177083333334,-0.8025411298527566,-0.8025411298527566,-3.9641614583333333,-3.9641614583329075,7.287822916666665,7.287822916666389,0.0,-3.510242435296289e-05,0.0,-8.472901413897092e-13,0.0,-3.3338255861674605e-12,24.0,24.0,0.0,0.021797375097928343
178,1.2083333333333333,72.20954355451705,0.0,0.0,-3.637445833333333,-3.637445833333333,-7.274891666666666,-7.274891666666666,-0.813201189318691,-0.813201189318691,-3.9551541666666665,-3.955154166666253,6.725108333333336,6.725108333333071,0.0,4.874397594730015e-06,0.0,-4.353448915937044e-15,0.0,1.3602298914380757e-14,24.0,24.0,0.0,0.021412791351001912
179,1.21875,72.7328036735986,0.0,0.0,-3.6688031249999997,-3.6688031249999997,-7.337606249999999,-7.337606249999999,-0.8238612487846257,-0.8238612487846257,-3.9461468749999997,-3.946146874999598,6.162393750000001,6.162393749999741,0.0,4.485121954242357e-05,0.0,8.385832435578561e-13,0.0,3.361030183996293e-12,24.0,24.0,0.0,0.02102820760407547
180,1.2291666666666667,73.25985555120322,0.0,0.0,-3.700160416666667,-3.700160416666667,-7.400320833333334,-7.400320833333334,-0.8345213082505603,-0.8345213082505603,-3.9371395833333334,-3.937139583332943,5.5996791666666645,5.599679166666414,0.0,8.482804149011712e-05,0.0,1.6815199360316476e-12,0.0,6.7084580690782055e-12,24.0,24.0,0.0,0.020643623857149032
181,1.2395833333333333,73.79072666397623,0.0,0.0,-3.731517708333333,-3.731517708333333,-7.463035416666666,-7.463035416666666,-0.8451813677164948,-0.8451813677164948,-3.9281322916666666,-3.9281322916662886,5.036964583333336,5.036964583333094,0.0,0.00012480486343781003,0.0,2.5244566285054214e-12,0.0,1.0055885954160047e-11,24.0,24.0,0.0,0.0202590401102226
182,1.25,74.32544468767007,0.0,0.0,-3.7628749999999997,-3.7628749999999997,-7.5257499999999995,-7.5257499999999995,-0.8558414271824294,-0.8558414271824294,-3.9191249999999997,-3.9191249999996334,4.4742500000000005,4.474249999999766,0.0,0.00016478168538550358,0.0,3.3673933209792145e-12,0.0,1.3403313839241953e-11,24.0,24.0,0.0,0.019874456363296163
183,1.2604166666666667,74.86403749858702,0.0,0.0,-3.794232291666667,-3.794232291666667,-7.588464583333334,-7.588464583333334,-0.866501486648364,-0.866501486648364,-3.9101177083333334,-3.9101177083329786,3.9115354166666645,3.9115354166664336,0.0,0.00020475850733319713,0.0,4.210330013453006e-12,0.0,1.675074172432386e-11,24.0,24.0,0.0,0.01948987261636972
184,1.2708333333333333,75.4065331750326,0.0,0.0,-3.825589583333333,-3.825589583333333,-7.651179166666666,-7.651179166666666,-0.8771615461142985,-0.8771615461142985,-3.9011104166666666,-3.9011104166663237,3.3488208333333356,3.3488208333331135,0.0,0.00024473532928089004,0.0,5.05326670592678e-12,0.0,2.00981696094057e-11,24.0,24.0,0.0,0.019105288869443286
185,1.28125,75.9529599987793,0.0,0.0,-3.856946875,-3.856946875,-7.71389375,-7.71389375,-0.887821605580233,-0.887821605580233,-3.892103125,-3.8921031249996694,2.7861062499999996,2.7861062499997864,0.0,0.0002847121512285836,0.0,5.896203398400571e-12,0.0,2.3445597494487612e-11,24.0,24.0,0.0,0.018720705122516848
186,1.2916666666666667,76.50334645654095,0.0,0.0,-3.888304166666667,-3.888304166666667,-7.776608333333334,-7.776608333333334,-0.8984816650461678,-0.8984816650461678,-3.8830958333333334,-3.883095833333014,2.2233916666666644,2.2233916666664566,0.0,0.00032468897317627725,0.0,6.7391400908743645e-12,0.0,2.6793025379569518e-11,24.0,24.0,0.0,0.01833612137559041
187,1.3020833333333333,77.05772124145788,0.0,0.0,-3.919661458333333,-3.919661458333333,-7.839322916666666,-7.839322916666666,-0.9091417245121022,-0.9091417245121022,-3.8740885416666666,-3.8740885416663593,1.6606770833333355,1.6606770833331383,0.0,0.00036466579512397005,0.0,7.582076783348137e-12,0.0,3.014045326465136e-11,24.0,24.0,0.0,0.017951537628663975
188,1.3125,77.61611325459275,0.0,0.0,-3.9510187500000002,-3.9510187500000002,-7.9020375000000005,-7.9020375000000005,-0.9198017839780368,-0.9198017839780368,-3.8650812500000002,-3.865081249999705,1.0979624999999995,1.0979624999998094,0.0,0.0004046426170716636,0.0,8.42501347582193e-12,0.0,3.348788114973327e-11,24.0,24.0,0.0,0.017566953881737537
189,1.3229166666666667,78.17855160643722,0.0,0.0,-3.982376041666667,-3.982376041666667,-7.964752083333334,-7.964752083333334,-0.9304618434439715,-0.9304618434439715,-3.8560739583333334,-3.8560739583330497,0.5352479166666644,0.5352479166664814,0.0,0.0004446194390193574,0.0,9.267950168295723e-12,0.0,3.683530903481519e-11,24.0,24.0,0.0,0.017182370134811095
190,1.3333333333333333,78.74506561842958,0.0,0.0,-4.013733333333333,-4.013733333333333,-8.027466666666665,-8.027466666666665,-0.9411219029099059,-0.9411219029099059,-3.847066666666666,-3.8470666666663944,-0.02746666666666364,-0.027466666666836836,0.0,0.00048459626096704995,0.0,1.0110886860769495e-11,0.0,4.018273691989703e-11,24.0,24.0,0.0,0.016797786387884667
191,1.34375,79.31568482448333,0.0,0.0,-4.045090625,-4.045090625,-8.09018125,-8.09018125,-0.9517819623758406,-0.9517819623758406,-3.8380593750000003,-3.8380593749997405,-0.5901812500000005,-0.5901812500001693,0.0,0.0005245730829147436,0.0,1.0953823553243288e-11,0.0,4.3530164804978944e-11,24.0,24.0,0.0,0.016413202640958226
192,1.3541666666666667,79.89043897252691,0.0,0.0,-4.076447916666667,-4.076447916666667,-8.152895833333334,-8.152895833333334,-0.9624420218417752,-0.9624420218417752,-3.8290520833333335,-3.829052083333085,-1.1528958333333374,-1.1528958333334973,0.0,0.0005645499048624374,0.0,1.179676024571708e-11,0.0,4.687759269006085e-11,24.0,24.0,0.0,0.016028618894031788
193,1.3645833333333333,80.4693580260545,0.0,0.0,-4.107805208333334,-4.107805208333334,-8.215610416666667,-8.215610416666667,-0.9731020813077096,-0.9731020813077096,-3.820044791666667,-3.820044791666431,-1.7156104166666637,-1.7156104166668165,0.0,0.00060452672681013,0.0,1.2639696938190854e-11,0.0,5.022502057514269e-11,24.0,24.0,0.0,0.015644035147105356
194,1.375,81.0524721656881,0.0,0.0,-4.139162499999999,-4.139162499999999,-8.278324999999999,-8.278324999999999,-0.9837621407736443,-0.9837621407736443,-3.8110374999999994,-3.8110374999997747,-2.278324999999999,-2.2783250000001445,0.0,0.0006445035487578236,0.0,1.3482633630664645e-11,0.0,5.35724484602246e-11,24.0,24.0,0.0,0.015259451400178913
195,1.3854166666666667,81.63981179075097,0.0,0.0,-4.170519791666667,-4.170519791666667,-8.341039583333334,-8.341039583333334,-0.9944222002395788,-0.9944222002395788,-3.8020302083333335,-3.8020302083331208,-2.8410395833333375,-2.8410395833334743,0.0,0.0006844803707055174,0.0,1.4325570323138438e-11,0.0,5.691987634530651e-11,24.0,24.0,0.0,0.014874867653252476
196,1.3958333333333333,82.23140752085234,0.0,0.0,-4.201877083333333,-4.201877083333333,-8.403754166666666,-8.403754166666666,-1.0050822597055133,-1.0050822597055133,-3.7930229166666662,-3.7930229166664655,-3.403754166666662,-3.4037541666667916,0.0,0.00072445719265321,0.0,1.516850701561221e-11,0.0,6.026730423038834e-11,24.0,24.0,0.0,0.014490283906326042
197,1.40625,82.82729019748383,0.0,0.0,-4.233234375,-4.233234375,-8.46646875,-8.46646875,-1.015742319171448,-1.015742319171448,-3.7840156250000003,-3.784015624999811,-3.9664687500000007,-3.9664687500001214,0.0,0.0007644340146009036,0.0,1.6011443708086002e-11,0.0,6.361473211547026e-11,24.0,24.0,0.0,0.014105700159399602
198,1.4166666666666667,83.42749088562715,0.0,0.0,-4.264591666666667,-4.264591666666667,-8.529183333333334,-8.529183333333334,-1.0264023786373826,-1.0264023786373826,-3.7750083333333335,-3.7750083333331563,-4.529183333333338,-4.529183333333453,0.0,0.0008044108365485973,0.0,1.6854380400559795e-11,0.0,6.696216000055217e-11,24.0,24.0,0.0,0.013721116412473163
199,1.4270833333333333,84.0320408753737,0.0,0.0,-4.295948958333333,-4.295948958333333,-8.591897916666666,-8.591897916666666,-1.037062438103317,-1.037062438103317,-3.7660010416666663,-3.766001041666501,-5.091897916666662,-5.091897916666769,0.0,0.00084438765849629,0.0,1.769731709303357e-11,0.0,7.030958788563402e-11,24.0,24.0,0.0,0.01333653266554673
200,1.4375,84.64097168355579,0.0,0.0,-4.3273062499999995,-4.3273062499999995,-8.654612499999999,-8.654612499999999,-1.0477224975692518,-1.0477224975692518,-3.7569937499999995,-3.756993749999846,-5.654612499999999,-5.654612500000098,0.0,0.0008843644804439838,0.0,1.8540253785507362e-11,0.0,7.365701577071593e-11,24.0,24.0,0.0,0.012951948918620292
201,1.4479166666666667,85.2543150553897,0.0,0.0,-4.358663541666667,-4.358663541666667,-8.717327083333334,-8.717327083333334,-1.0583825570351864,-1.0583825570351864,-3.7479864583333335,-3.747986458333192,-6.217327083333338,-6.217327083333428,0.0,0.0009243413023916774,0.0,1.9383190477981155e-11,0.0,7.700444365579784e-11,24.0,24.0,0.0,0.01256736517169385
202,1.4583333333333333,85.87210296613057,0.0,0.0,-4.390020833333333,-4.390020833333333,-8.780041666666666,-8.780041666666666,-1.0690426165011209,-1.0690426165011209,-3.7389791666666663,-3.7389791666665366,-6.780041666666662,-6.780041666666746,0.0,0.00096431812433937,0.0,2.022612717045493e-11,0.0,8.035187154087969e-11,24.0,24.0,0.0,0.01218278142476742
203,1.46875,86.4943676227395,0.0,0.0,-4.421378125,-4.421378125,-8.84275625,-8.84275625,-1.0797026759670554,-1.0797026759670554,-3.7299718750000004,-3.7299718749998823,-7.342756250000001,-7.342756250000077,0.0,0.0010042949462870637,0.0,2.106906386292872e-11,0.0,8.369929942596158e-11,24.0,24.0,0.0,0.011798197677840981
204,1.4791666666666667,87.12114146556246,0.0,0.0,-4.452735416666667,-4.452735416666667,-8.905470833333334,-8.905470833333334,-1.0903627354329901,-1.0903627354329901,-3.7209645833333336,-3.720964583333227,-7.905470833333338,-7.905470833333407,0.0,0.0010442717682347573,0.0,2.191200055540251e-11,0.0,8.70467273110435e-11,24.0,24.0,0.0,0.011413613930914541
205,1.4895833333333333,87.75245717002154,0.0,0.0,-4.484092708333333,-4.484092708333333,-8.968185416666666,-8.968185416666666,-1.1010227948989244,-1.1010227948989244,-3.7119572916666663,-3.7119572916665717,-8.468185416666662,-8.468185416666723,0.0,0.0010842485901824501,0.0,2.275493724787629e-11,0.0,9.039415519612534e-11,24.0,24.0,0.0,0.011029030183988108
206,1.5,88.38834764831844,0.0,0.0,-4.5154499999999995,-4.5154499999999995,-9.030899999999999,-9.030899999999999,-1.1116828543648591,-1.1116828543648591,-3.7029499999999995,-3.702949999999917,-9.030899999999999,-9.030900000000052,0.0,0.0011242254121301438,0.0,2.3597873940350076e-11,0.0,9.374158308120725e-11,24.0,24.0,0.0,0.010644446437061668
207,1.5104166666666667,89.02884605115021,0.0,0.0,-4.546807291666667,-4.546807291666667,-9.093614583333334,-9.093614583333334,-1.1223429138307939,-1.1223429138307939,-3.6939427083333336,-3.693942708333263,-9.593614583333338,-9.593614583333384,0.0,0.0011642022340778374,0.0,2.444081063282387e-11,0.0,9.708901096628916e-11,24.0,24.0,0.0,0.010259862690135228
208,1.5208333333333333,89.67398576943751,0.0,0.0,-4.578164583333333,-4.578164583333333,-9.156329166666666,-9.156329166666666,-1.1330029732967282,-1.1330029732967282,-3.6849354166666664,-3.6849354166666077,-10.156329166666662,-10.1563291666667,0.0,0.00120417905602553,0.0,2.5283747325297646e-11,0.0,1.00436438851371e-10,24.0,24.0,0.0,0.009875278943208797
209,1.53125,90.32380043606541,0.0,0.0,-4.609521875,-4.609521875,-9.21904375,-9.21904375,-1.143663032762663,-1.143663032762663,-3.6759281250000004,-3.6759281249999534,-10.71904375,-10.719043750000031,0.0,0.0012441558779732237,0.0,2.6126684017771436e-11,0.0,1.0378386673645292e-10,24.0,24.0,0.0,0.009490695196282355
210,1.5416666666666667,90.97832392763672,0.0,0.0,-4.640879166666667,-4.640879166666667,-9.281758333333334,-9.281758333333334,-1.1543230922285974,-1.1543230922285974,-3.6669208333333336,-3.666920833333298,-11.281758333333338,-11.28175833333336,0.0,0.0012841326999209176,0.0,2.6969620710245222e-11,0.0,1.0713129462153481e-10,24.0,24.0,0.0,0.009106111449355917
211,1.5520833333333333,91.63759036623803,0.0,0.0,-4.672236458333333,-4.672236458333333,-9.344472916666666,-9.344472916666666,-1.164983151694532,-1.164983151694532,-3.6579135416666664,-3.657913541666643,-11.844472916666662,-11.844472916666678,0.0,0.0013241095218686101,0.0,2.7812557402719003e-11,0.0,1.1047872250661667e-10,24.0,24.0,0.0,0.008721527702429486
212,1.5625,92.30163412121871,0.0,0.0,-4.70359375,-4.70359375,-9.4071875,-9.4071875,-1.1756432111604664,-1.1756432111604664,-3.6489062499999996,-3.648906249999988,-12.4071875,-12.407187500000006,0.0,0.0013640863438163038,0.0,2.8655494095192792e-11,0.0,1.1382615039169857e-10,24.0,24.0,0.0,0.008336943955503046
213,1.5729166666666667,92.97048981098256,0.0,0.0,-4.734951041666667,-4.734951041666667,-9.469902083333334,-9.469902083333334,-1.1863032706264012,-1.1863032706264012,-3.6398989583333337,-3.6398989583333337,-12.969902083333338,-12.969902083333338,0.0,0.0014040631657639975,0.0,2.949843078766658e-11,0.0,1.1717357827678048e-10,24.0,24.0,0.0,0.007952360208576606
214,1.5833333333333333,93.6441923047926,0.0,0.0,-4.766308333333333,-4.766308333333333,-9.532616666666666,-9.532616666666666,-1.1969633300923357,-1.1969633300923357,-3.6308916666666664,-3.6308916666666784,-13.532616666666662,-13.532616666666653,0.0,0.00144403998771169,0.0,3.034136748014036e-11,0.0,1.2052100616186233e-10,24.0,24.0,0.0,0.007567776461650173
215,1.59375,94.32277672458893,0.0,0.0,-4.7976656250000005,-4.7976656250000005,-9.595331250000001,-9.595331250000001,-1.2076233895582702,-1.2076233895582702,-3.6218843750000005,-3.6218843750000245,-14.095331250000001,-14.095331249999987,0.0,0.0014840168096593837,0.0,3.118430417261415e-11,0.0,1.2386843404694423e-10,24.0,24.0,0.0,0.007183192714723734
216,1.6041666666666667,95.00627844681968,0.0,0.0,-4.829022916666667,-4.829022916666667,-9.658045833333334,-9.658045833333334,-1.218283449024205,-1.218283449024205,-3.6128770833333337,-3.612877083333369,-14.658045833333338,-14.658045833333315,0.0,0.0015239936316070774,0.0,3.202724086508794e-11,0.0,1.2721586193202613e-10,24.0,24.0,0.0,0.006798608967797294
217,1.6145833333333333,95.69473310428532,0.0,0.0,-4.860380208333333,-4.860380208333333,-9.720760416666666,-9.720760416666666,-1.2289435084901394,-1.2289435084901394,-3.6038697916666664,-3.603869791666714,-15.220760416666662,-15.220760416666632,0.0,0.0015639704535547702,0.0,3.2870177557561716e-11,0.0,1.3056328981710797e-10,24.0,24.0,0.0,0.006414025220870863
218,1.625,96.3881765879963,0.0,0.0,-4.8917375,-4.8917375,-9.783475,-9.783475,-1.239603567956074,-1.239603567956074,-3.5948624999999996,-3.594862500000059,-15.783475,-15.78347499999996,0.0,0.0016039472755024638,0.0,3.371311425003551e-11,0.0,1.3391071770218987e-10,24.0,24.0,0.0,0.006029441473944424
219,1.6354166666666667,97.0866450490441,0.0,0.0,-4.923094791666667,-4.923094791666667,-9.846189583333334,-9.846189583333334,-1.2502636274220087,-1.2502636274220087,-3.5858552083333337,-3.5858552083334048,-16.346189583333338,-16.34618958333329,0.0,0.0016439240974501575,0.0,3.4556050942509296e-11,0.0,1.372581455872718e-10,24.0,24.0,0.0,0.005644857727017982
220,1.6458333333333333,97.79017490048588,0.0,0.0,-4.954452083333333,-4.954452083333333,-9.908904166666666,-9.908904166666666,-1.260923686887943,-1.260923686887943,-3.5768479166666665,-3.5768479166667495,-16.908904166666662,-16.90890416666661,0.0,0.00168390091939785,0.0,3.5398987634983076e-11,0.0,1.4060557347235367e-10,24.0,24.0,0.0,0.005260273980091551
221,1.65625,98.49880281924291,0.0,0.0,-4.985809375,-4.985809375,-9.97161875,-9.97161875,-1.2715837463538777,-1.2715837463538777,-3.5678406249999997,-3.5678406250000942,-17.471618749999998,-17.471618749999937,0.0,0.0017238777413455437,0.0,3.624192432745687e-11,0.0,1.4395300135743555e-10,24.0,24.0,0.0,0.004875690233165111
222,1.6666666666666667,99.21256574801248,0.0,0.0,-5.017166666666666,-5.017166666666666,-10.034333333333333,-10.034333333333333,-1.2822438058198125,-1.2822438058198125,-3.558833333333333,-3.5588333333334394,-18.034333333333336,-18.03433333333327,0.0,0.0017638545632932376,0.0,3.7084861019930656e-11,0.0,1.4730042924251747e-10,24.0,24.0,0.0,0.004491106486238672
223,1.6770833333333333,99.93150089719389,0.0,0.0,-5.048523958333333,-5.048523958333333,-10.097047916666666,-10.097047916666666,-1.2929038652857467,-1.2929038652857467,-3.5498260416666665,-3.549826041666785,-18.597047916666664,-18.597047916666586,0.0,0.0018038313852409302,0.0,3.7927797712404436e-11,0.0,1.5064785712759932e-10,24.0,24.0,0.0,0.004106522739312239
224,1.6875,100.6556457468284,0.0,0.0,-5.079881250000001,-5.079881250000001,-10.159762500000001,-10.159762500000001,-1.3035639247516815,-1.3035639247516815,-3.5408187500000006,-3.540818750000131,-19.1597625,-19.15976249999992,0.0,0.0018438082071886238,0.0,3.877073440487822e-11,0.0,1.5399528501268122e-10,24.0,24.0,0.0,0.0037219389923857987
225,1.6979166666666667,101.38503804855301,0.0,0.0,-5.111238541666667,-5.111238541666667,-10.222477083333334,-10.222477083333334,-1.3142239842176162,-1.3142239842176162,-3.5318114583333338,-3.5318114583334754,-19.722477083333338,-19.722477083333246,0.0,0.0018837850291363175,0.0,3.9613671097352016e-11,0.0,1.5734271289776312e-10,24.0,24.0,0.0,0.0033373552454593596
226,1.7083333333333333,102.11971582756874,0.0,0.0,-5.142595833333333,-5.142595833333333,-10.285191666666666,-10.285191666666666,-1.3248840436835505,-1.3248840436835505,-3.5228041666666665,-3.5228041666668206,-20.285191666666663,-20.285191666666563,0.0,0.00192376185108401,0.0,4.045660778982579e-11,0.0,1.6069014078284497e-10,24.0,24.0,0.0,0.0029527714985329283
227,1.71875,102.85971738462281,0.0,0.0,-5.173953125000001,-5.173953125000001,-10.347906250000001,-10.347906250000001,-1.3355441031494852,-1.3355441031494852,-3.5137968750000006,-3.5137968750001662,-20.84790625,-20.847906249999895,0.0,0.0019637386730317037,0.0,4.129954448229958e-11,0.0,1.6403756866792687e-10,24.0,24.0,0.0,0.0025681877516064884
228,1.7291666666666667,103.60508129800547,0.0,0.0,-5.205310416666666,-5.205310416666666,-10.410620833333333,-10.410620833333333,-1.3462041626154198,-1.3462041626154198,-3.504789583333333,-3.50478958333351,-21.410620833333333,-21.41062083333322,0.0,0.0020037154949793974,0.0,4.214248117477337e-11,0.0,1.673849965530088e-10,24.0,24.0,0.0,0.0021836040046800485
229,1.7395833333333333,104.35584642556115,0.0,0.0,-5.236667708333333,-5.236667708333333,-10.473335416666666,-10.473335416666666,-1.3568642220813543,-1.3568642220813543,-3.4957822916666665,-3.495782291666856,-21.973335416666664,-21.973335416666536,0.0,0.00204369231692709,0.0,4.298541786724715e-11,0.0,1.707324244380906e-10,24.0,24.0,0.0,0.0017990202577536163
230,1.75,105.11205190671431,0.0,0.0,-5.268025,-5.268025,-10.53605,-10.53605,-1.367524281547289,-1.367524281547289,-3.4867749999999997,-3.486775000000201,-22.53605,-22.536049999999868,0.0,0.002083669138874784,0.0,4.382835455972094e-11,0.0,1.7407985232317254e-10,24.0,24.0,0.0,0.0014144365108271764
231,1.7604166666666667,105.87373716450973,0.0,0.0,-5.299382291666667,-5.299382291666667,-10.598764583333335,-10.598764583333335,-1.3781843410132235,-1.3781843410132235,-3.477767708333334,-3.4777677083335465,-23.098764583333335,-23.098764583333203,0.0,0.0021236459608224775,0.0,4.467129125219473e-11,0.0,1.7742728020825446e-10,24.0,24.0,0.0,0.0010298527639007364
232,1.7708333333333333,106.64094190766785,0.0,0.0,-5.330739583333333,-5.330739583333333,-10.661479166666666,-10.661479166666666,-1.388844400479158,-1.388844400479158,-3.4687604166666666,-3.4687604166668917,-23.661479166666666,-23.661479166666517,0.0,0.0021636227827701703,0.0,4.551422794466851e-11,0.0,1.8077470809333628e-10,24.0,24.0,0.0,0.0006452690169743052
233,1.78125,107.41370613265487,0.0,0.0,-5.362096875,-5.362096875,-10.72419375,-10.72419375,-1.3995044599450925,-1.3995044599450925,-3.4597531249999998,-3.4597531250002365,-24.224193749999998,-24.22419374999985,0.0,0.002203599604717864,0.0,4.6357164637142297e-11,0.0,1.841221359784182e-10,24.0,24.0,0.0,0.00026068527004786523
234,1.7916666666666667,108.19207012576788,0.0,0.0,-5.393454166666666,-5.393454166666666,-10.786908333333333,-10.786908333333333,-1.410164519411027,-1.410164519411027,-3.450745833333333,-3.450745833333581,-24.786908333333336,-24.786908333333177,0.0,0.0022435764266655576,0.0,4.720010132961609e-11,0.0,1.874695638635001e-10,24.0,24.0,0.0,-0.0001238984768785747
235,1.8020833333333333,108.97607446523506,0.0,0.0,-5.424811458333333,-5.424811458333333,-10.849622916666666,-10.849622916666666,-1.4208245788769616,-1.4208245788769616,-3.4417385416666666,-3.4417385416669273,-25.349622916666664,-25.349622916666497,0.0,0.00228355324861325,0.0,4.804303802208987e-11,0.0,1.9081699174858196e-10,24.0,24.0,0.0,-0.0005084822238050068
236,1.8125,109.76576002333121,0.0,0.0,-5.45616875,-5.45616875,-10.9123375,-10.9123375,-1.4314846383428965,-1.4314846383428965,-3.43273125,-3.4327312500002716,-25.9123375,-25.912337499999822,0.0,0.0023235300705609437,0.0,4.8885974714563657e-11,0.0,1.9416441963366386e-10,24.0,24.0,0.0,-0.0008930659707314459
237,1.8229166666666667,110.56116796850844,0.0,0.0,-5.487526041666667,-5.487526041666667,-10.975052083333335,-10.975052083333335,-1.442144697808831,-1.442144697808831,-3.423723958333334,-3.423723958333618,-26.47505208333334,-26.475052083333154,0.0,0.0023635068925086378,0.0,4.9728911407037443e-11,0.0,1.9751184751874578e-10,24.0,24.0,0.0,-0.0012776497176578867
238,1.8333333333333333,111.36233976754241,0.0,0.0,-5.518883333333333,-5.518883333333333,-11.037766666666666,-11.037766666666666,-1.4528047572747655,-1.4528047572747655,-3.4147166666666666,-3.4147166666669624,-27.037766666666663,-27.03776666666647,0.0,0.00240348371445633,0.0,5.0571848099511224e-11,0.0,2.008592754038276e-10,24.0,24.0,0.0,-0.0016622334645843189
239,1.84375,112.1693171876942,0.0,0.0,-5.550240625,-5.550240625,-11.10048125,-11.10048125,-1.4634648167407,-1.4634648167407,-3.405709375,-3.405709375000307,-27.60048125,-27.600481249999802,0.0,0.002443460536404024,0.0,5.141478479198502e-11,0.0,2.0420670328890953e-10,24.0,24.0,0.0,-0.002046817211510758
240,1.8541666666666667,112.98214229888762,0.0,0.0,-5.581597916666667,-5.581597916666667,-11.163195833333335,-11.163195833333335,-1.4741248762066348,-1.4741248762066348,-3.396702083333334,-3.396702083333653,-28.163195833333333,-28.163195833333134,0.0,0.0024834373583517175,0.0,5.2257721484458803e-11,0.0,2.0755413117399143e-10,24.0,24.0,0.0,-0.002431400958437198
241,1.8645833333333333,113.80085747590253,0.0,0.0,-5.612955208333333,-5.612955208333333,-11.225910416666666,-11.225910416666666,-1.484784935672569,-1.484784935672569,-3.3876947916666666,-3.387694791666998,-28.725910416666665,-28.725910416666444,0.0,0.0025234141802994102,0.0,5.3100658176932584e-11,0.0,2.1090155905907328e-10,24.0,24.0,0.0,-0.00281598470536363
242,1.875,114.6255054005839,0.0,0.0,-5.6443125,-5.6443125,-11.288625,-11.288625,-1.4954449951385038,-1.4954449951385038,-3.3786875,-3.378687500000343,-29.288625,-29.28862499999978,0.0,0.002563391002247104,0.0,5.394359486940637e-11,0.0,2.142489869441552e-10,24.0,24.0,0.0,-0.00320056845229007
243,1.8854166666666667,115.45612906406694,0.0,0.0,-5.675669791666667,-5.675669791666667,-11.351339583333335,-11.351339583333335,-1.5061050546044383,-1.5061050546044383,-3.369680208333334,-3.3696802083336888,-29.851339583333335,-29.85133958333311,0.0,0.0026033678241947976,0.0,5.4786531561880164e-11,0.0,2.175964148292371e-10,24.0,24.0,0.0,-0.003585152199216509
244,1.8958333333333333,116.29277176901832,0.0,0.0,-5.707027083333333,-5.707027083333333,-11.414054166666666,-11.414054166666666,-1.5167651140703728,-1.5167651140703728,-3.3606729166666667,-3.3606729166670335,-30.414054166666666,-30.41405416666643,0.0,0.0026433446461424904,0.0,5.5629468254353944e-11,0.0,2.2094384271431895e-10,24.0,24.0,0.0,-0.003969735946142941
245,1.90625,117.13547713189375,0.0,0.0,-5.738384375,-5.738384375,-11.47676875,-11.47676875,-1.5274251735363074,-1.5274251735363074,-3.351665625,-3.3516656250003787,-30.976768749999998,-30.976768749999756,0.0,0.002683321468090184,0.0,5.647240494682773e-11,0.0,2.2429127059940085e-10,24.0,24.0,0.0,-0.004354319693069381
246,1.9166666666666667,117.98428908521169,0.0,0.0,-5.769741666666667,-5.769741666666667,-11.539483333333335,-11.539483333333335,-1.538085233002242,-1.538085233002242,-3.342658333333334,-3.3426583333337243,-31.539483333333337,-31.539483333333088,0.0,0.0027232982900378777,0.0,5.7315341639301524e-11,0.0,2.2763869848448277e-10,24.0,24.0,0.0,-0.00473890343999582
247,1.9270833333333333,118.83925187984377,0.0,0.0,-5.801098958333333,-5.801098958333333,-11.602197916666666,-11.602197916666666,-1.5487452924681764,-1.5487452924681764,-3.3336510416666667,-3.3336510416670686,-32.10219791666667,-32.102197916666405,0.0,0.00276327511198557,0.0,5.815827833177529e-11,0.0,2.3098612636956462e-10,24.0,24.0,0.0,-0.005123487186922253
248,1.9375,119.70041008732171,0.0,0.0,-5.83245625,-5.83245625,-11.6649125,-11.6649125,-1.5594053519341111,-1.5594053519341111,-3.32464375,-3.324643750000414,-32.6649125,-32.66491249999973,0.0,0.0028032519339332637,0.0,5.900121502424908e-11,0.0,2.343335542546465e-10,24.0,24.0,0.0,-0.005508070933848693
249,1.9479166666666667,120.56780860216085,0.0,0.0,-5.8638135416666675,-5.8638135416666675,-11.727627083333335,-11.727627083333335,-1.5700654114000459,-1.5700654114000459,-3.315636458333334,-3.31563645833376,-33.22762708333333,-33.22762708333306,0.0,0.002843228755880958,0.0,5.984415171672289e-11,0.0,2.376809821397284e-10,24.0,24.0,0.0,-0.005892654680775132
250,1.9583333333333333,121.44149264420074,0.0,0.0,-5.895170833333333,-5.895170833333333,-11.790341666666666,-11.790341666666666,-1.5807254708659804,-1.5807254708659804,-3.3066291666666667,-3.3066291666671046,-33.79034166666666,-33.79034166666638,0.0,0.00288320557782865,0.0,6.068708840919664e-11,0.0,2.410284100248103e-10,24.0,24.0,0.0,-0.006277238427701564
251,1.96875,122.3215077609625,0.0,0.0,-5.926528125,-5.926528125,-11.85305625,-11.85305625,-1.5913855303319149,-1.5913855303319149,-3.297621875,-3.2976218750004493,-34.35305625,-34.35305624999971,0.0,0.002923182399776344,0.0,6.153002510167045e-11,0.0,2.443758379098922e-10,24.0,24.0,0.0,-0.006661822174628004
252,1.9791666666666667,123.20789983002345,0.0,0.0,-5.9578854166666675,-5.9578854166666675,-11.915770833333335,-11.915770833333335,-1.6020455897978496,-1.6020455897978496,-3.288614583333334,-3.288614583333795,-34.91577083333333,-34.91577083333304,0.0,0.0029631592217240375,0.0,6.237296179414424e-11,0.0,2.4772326579497404e-10,24.0,24.0,0.0,-0.007046405921554444
253,1.9895833333333333,124.10071506140862,0.0,0.0,-5.989242708333333,-5.989242708333333,-11.978485416666667,-11.978485416666667,-1.6127056492637841,-1.6127056492637841,-3.2796072916666668,-3.27960729166714,-35.478485416666665,-35.47848541666636,0.0,0.0030031360436717303,0.0,6.321589848661801e-11,0.0,2.5107069368005594e-10,24.0,24.0,0.0,-0.0074309896684808755
254,2.0,125.0,0.0,0.0,-6.0206,-6.0206,-12.0412,-12.0412,-1.6233657087297186,-1.6233657087297186,-3.2706,-3.270600000000485,-36.0412,-36.04119999999969,0.0,0.003043112865619424,0.0,6.40588351790918e-11,0.0,2.5441812156513784e-10,24.0,24.0,0.0,-0.007815573415407315
255,2.0104166666666665,125.90580152796296,0.0,0.0,-6.051957291666666,-6.051957291666666,-12.103914583333331,-12.103914583333331,-1.6371027080159184,-1.6371027080159184,-3.367061458333332,-3.3670614583338083,-35.603914583333335,-35.60391458333304,0.0,0.0028928951334735225,0.0,6.091567665936737e-11,0.0,2.4188441822572777e-10,24.0,24.0,0.0,-0.0077116838238612765
256,2.0208333333333335,126.81816686719047,0.0,0.0,-6.083314583333333,-6.083314583333333,-12.166629166666667,-12.166629166666667,-1.6508397073021188,-1.6508397073021188,-3.4635229166666672,-3.463522916667136,-35.16662916666666,-35.166629166666354,0.0,0.002742677401327614,0.0,5.777251813964283e-11,0.0,2.2935071488631718e-10,24.0,24.0,0.0,-0.007607794232315235
257,2.03125,127.73714358176458,0.0,0.0,-6.114671875,-6.114671875,-12.22934375,-12.22934375,-1.6645767065883186,-1.6645767065883186,-3.559984375,-3.5599843750004605,-34.72934375,-34.72934374999971,0.0,0.0025924596691817127,0.0,5.462935961991841e-11,0.0,2.1681701154690715e-10,24.0,24.0,0.0,-0.007503904640769196
258,2.0416666666666665,128.66277958043648,0.0,0.0,-6.146029166666666,-6.146029166666666,-12.292058333333332,-12.292058333333332,-1.6783137058745186,-1.6783137058745186,-3.656445833333332,-3.656445833333784,-34.29205833333334,-34.292058333333046,0.0,0.0024422419370358113,0.0,5.1486201100193976e-11,0.0,2.0428330820749708e-10,24.0,24.0,0.0,-0.007400015049223158
259,2.0520833333333335,129.5951231191239,0.0,0.0,-6.177386458333333,-6.177386458333333,-12.354772916666667,-12.354772916666667,-1.692050705160719,-1.692050705160719,-3.7529072916666673,-3.752907291667112,-33.85477291666666,-33.85477291666638,0.0,0.0022920242048899034,0.0,4.834304258046943e-11,0.0,1.917496048680865e-10,24.0,24.0,0.0,-0.007296125457677115
260,2.0625,130.53422280342673,0.0,0.0,-6.20874375,-6.20874375,-12.4174875,-12.4174875,-1.7057877044469187,-1.7057877044469187,-3.84936875,-3.849368750000436,-33.4174875,-33.41748749999972,0.0,0.002141806472744002,0.0,4.5199884060745004e-11,0.0,1.7921590152867642e-10,24.0,24.0,0.0,-0.0071922358661310765
261,2.0729166666666665,131.48012759116116,0.0,0.0,-6.240101041666666,-6.240101041666666,-12.480202083333332,-12.480202083333332,-1.7195247037331185,-1.7195247037331185,-3.945830208333332,-3.9458302083337595,-32.98020208333334,-32.98020208333306,0.0,0.0019915887405981005,0.0,4.205672554102058e-11,0.0,1.666821981892664e-10,24.0,24.0,0.0,-0.0070883462745850384
262,2.0833333333333335,132.43288679491192,0.0,0.0,-6.271458333333333,-6.271458333333333,-12.542916666666667,-12.542916666666667,-1.733261703019319,-1.733261703019319,-4.042291666666667,-4.042291666667087,-32.542916666666656,-32.542916666666386,0.0,0.0018413710084521921,0.0,3.891356702129603e-11,0.0,1.541484948498558e-10,24.0,24.0,0.0,-0.006984456683038995
263,2.09375,133.39255008460296,0.0,0.0,-6.302815625,-6.302815625,-12.60563125,-12.60563125,-1.7469987023055187,-1.7469987023055187,-4.138753125,-4.138753125000412,-32.10563125,-32.10563124999973,0.0,0.0016911532763062907,0.0,3.57704085015716e-11,0.0,1.4161479151044576e-10,24.0,24.0,0.0,-0.006880567091492958
264,2.1041666666666665,134.35916749008703,0.0,0.0,-6.334172916666666,-6.334172916666666,-12.668345833333332,-12.668345833333332,-1.7607357015917187,-1.7607357015917187,-4.235214583333332,-4.235214583333735,-31.66834583333334,-31.668345833333078,0.0,0.0015409355441603893,0.0,3.262724998184718e-11,0.0,1.290810881710357e-10,24.0,24.0,0.0,-0.006776677499946919
265,2.1145833333333335,135.3327894037539,0.0,0.0,-6.365530208333333,-6.365530208333333,-12.731060416666667,-12.731060416666667,-1.774472700877919,-1.774472700877919,-4.331676041666667,-4.3316760416670625,-31.231060416666658,-31.231060416666402,0.0,0.0013907178120144811,0.0,2.948409146212262e-11,0.0,1.1654738483162512e-10,24.0,24.0,0.0,-0.0066727879084008766
266,2.125,136.3134665831572,0.0,0.0,-6.3968875,-6.3968875,-12.793775,-12.793775,-1.7882097001641188,-1.7882097001641188,-4.4281375,-4.428137500000387,-30.793775,-30.79377499999975,0.0,0.0012405000798685797,0.0,2.6340932942398204e-11,0.0,1.0401368149221507e-10,24.0,24.0,0.0,-0.0065688983168548385
267,2.1354166666666665,137.30125015366085,0.0,0.0,-6.428244791666666,-6.428244791666666,-12.856489583333332,-12.856489583333332,-1.8019466994503186,-1.8019466994503186,-4.524598958333332,-4.524598958333711,-30.35648958333334,-30.356489583333094,0.0,0.0010902823477226783,0.0,2.3197774422673786e-11,0.0,9.1479978152805e-11,24.0,24.0,0.0,-0.0064650087253087995
268,2.1458333333333335,138.29619161110418,0.0,0.0,-6.459602083333333,-6.459602083333333,-12.919204166666667,-12.919204166666667,-1.815683698736519,-1.815683698736519,-4.621060416666667,-4.621060416667039,-29.91920416666666,-29.91920416666642,0.0,0.0009400646155767701,0.0,2.0054615902949225e-11,0.0,7.894627481339441e-11,24.0,24.0,0.0,-0.006361119133762757
269,2.15625,139.29834282448655,0.0,0.0,-6.490959374999999,-6.490959374999999,-12.981918749999998,-12.981918749999998,-1.8294206980227188,-1.8294206980227188,-4.717521874999999,-4.717521875000362,-29.48191875,-29.481918749999764,0.0,0.0007898468834308687,0.0,1.6911457383224807e-11,0.0,6.641257147398436e-11,24.0,24.0,0.0,-0.006257229542216718
270,2.1666666666666665,140.3077560386716,0.0,0.0,-6.522316666666666,-6.522316666666666,-13.044633333333332,-13.044633333333332,-1.8431576973089185,-1.8431576973089185,-4.813983333333332,-4.813983333333686,-29.044633333333337,-29.04463333333311,0.0,0.0006396291512849673,0.0,1.3768298863500382e-11,0.0,5.387886813457429e-11,24.0,24.0,0.0,-0.006153339950670681
271,2.1770833333333335,141.3244838771107,0.0,0.0,-6.553673958333333,-6.553673958333333,-13.107347916666667,-13.107347916666667,-1.856894696595119,-1.856894696595119,-4.910444791666667,-4.910444791667015,-28.60734791666666,-28.607347916666438,0.0,0.0004894114191390589,0.0,1.0625140343775822e-11,0.0,4.1345164795163726e-11,24.0,24.0,0.0,-0.006049450359124638
272,2.1875,142.34857934458645,0.0,0.0,-6.585031249999999,-6.585031249999999,-13.170062499999998,-13.170062499999998,-1.870631695881319,-1.870631695881319,-5.006906249999999,-5.006906250000338,-28.1700625,-28.17006249999978,0.0,0.00033919368699315746,0.0,7.481981824051404e-12,0.0,2.8811461455753678e-11,24.0,24.0,0.0,-0.005945560767578599
273,2.1979166666666665,143.38009582997594,0.0,0.0,-6.616388541666666,-6.616388541666666,-13.232777083333332,-13.232777083333332,-1.8843686951675187,-1.8843686951675187,-5.103367708333332,-5.103367708333662,-27.73277708333334,-27.732777083333126,0.0,0.00018897595484725603,0.0,4.3388233043269856e-12,0.0,1.627775811634363e-11,24.0,24.0,0.0,-0.0058416711760325615
274,2.2083333333333335,144.41908710903414,0.0,0.0,-6.6477458333333335,-6.6477458333333335,-13.295491666666667,-13.295491666666667,-1.8981056944537191,-1.8981056944537191,-5.199829166666667,-5.199829166666991,-27.29549166666666,-27.29549166666645,0.0,3.8758222701348096e-05,0.0,1.1956647846024252e-12,0.0,3.744054776933041e-12,24.0,24.0,0.0,-0.005737781584486518
275,2.21875,145.4656073471972,0.0,0.0,-6.679103124999999,-6.679103124999999,-13.358206249999999,-13.358206249999999,-1.9118426937399189,-1.9118426937399189,-5.296290624999999,-5.296290625000314,-26.85820625,-26.858206249999796,0.0,-0.00011145950944455333,0.0,-1.9474937351219995e-12,0.0,-8.789648562477007e-12,24.0,24.0,0.0,-0.00563389199294048
276,2.2291666666666665,146.5197111024064,0.0,0.0,-6.710460416666665,-6.710460416666665,-13.42092083333333,-13.42092083333333,-1.9255796930261186,-1.9255796930261186,-5.392752083333331,-5.392752083333637,-26.420920833333337,-26.42092083333314,0.0,-0.00026167724159045476,0.0,-5.090652254846418e-12,0.0,-2.132335190188708e-11,24.0,24.0,0.0,-0.005530002401394441
277,2.2395833333333335,147.5814533279525,0.0,0.0,-6.741817708333333,-6.741817708333333,-13.483635416666665,-13.483635416666665,-1.939316692312319,-1.939316692312319,-5.4892135416666665,-5.489213541666965,-25.983635416666658,-25.983635416666466,0.0,-0.00041189497373636313,0.0,-8.233810774570978e-12,0.0,-3.385705524129767e-11,24.0,24.0,0.0,-0.005426112809848399
278,2.25,148.65088937534014,0.0,0.0,-6.773174999999999,-6.773174999999999,-13.546349999999999,-13.546349999999999,-1.953053691598519,-1.953053691598519,-5.585674999999999,-5.58567500000029,-25.546349999999997,-25.546349999999812,0.0,-0.0005621127058822646,0.0,-1.1376969294295396e-11,0.0,-4.639075858070772e-11,24.0,24.0,0.0,-0.005322223218302361
279,2.2604166666666665,149.72807499717402,0.0,0.0,-6.804532291666666,-6.804532291666666,-13.609064583333332,-13.609064583333332,-1.9667906908847188,-1.9667906908847188,-5.682136458333332,-5.682136458333614,-25.10906458333334,-25.109064583333158,0.0,-0.000712330438028166,0.0,-1.4520127814019821e-11,0.0,-5.892446192011776e-11,24.0,24.0,0.0,-0.005218333626756322
280,2.2708333333333335,150.81306635006524,0.0,0.0,-6.8358895833333335,-6.8358895833333335,-13.671779166666667,-13.671779166666667,-1.9805276901709192,-1.9805276901709192,-5.7785979166666674,-5.778597916666941,-24.67177916666666,-24.671779166666486,0.0,-0.0008625481701740744,0.0,-1.766328633374438e-11,0.0,-7.145816525952836e-11,24.0,24.0,0.0,-0.00511444403521028
281,2.28125,151.9059199975586,0.0,0.0,-6.867246875,-6.867246875,-13.73449375,-13.73449375,-1.994264689457119,-1.994264689457119,-5.875059375,-5.875059375000266,-24.23449375,-24.234493749999828,0.0,-0.0010127659023199758,0.0,-2.0806444853468793e-11,0.0,-8.399186859893843e-11,24.0,24.0,0.0,-0.005010554443664241
282,2.2916666666666665,153.00669291308188,0.0,0.0,-6.898604166666667,-6.898604166666667,-13.797208333333334,-13.797208333333334,-2.0080016887433185,-2.0080016887433185,-5.971520833333333,-5.9715208333335905,-23.79720833333334,-23.797208333333177,0.0,-0.0011629836344658772,0.0,-2.3949603373193218e-11,0.0,-9.652557193834848e-11,24.0,24.0,0.0,-0.004906664852118202
283,2.3020833333333335,154.1154424829158,0.0,0.0,-6.929961458333334,-6.929961458333334,-13.859922916666669,-13.859922916666669,-2.021738688029519,-2.021738688029519,-6.067982291666668,-6.067982291666918,-23.35992291666666,-23.359922916666502,0.0,-0.0013132013666117852,0.0,-2.7092761892917778e-11,0.0,-1.0905927527775907e-10,24.0,24.0,0.0,-0.00480277526057216
284,2.3125,155.2322265091855,0.0,0.0,-6.96131875,-6.96131875,-13.9226375,-13.9226375,-2.035475687315719,-2.035475687315719,-6.16444375,-6.164443750000242,-22.9226375,-22.922637499999848,0.0,-0.0014634190987576866,0.0,-3.023592041264219e-11,0.0,-1.2159297861716911e-10,24.0,24.0,0.0,-0.004698885669026122
285,2.3229166666666665,156.35710321287445,0.0,0.0,-6.992676041666666,-6.992676041666666,-13.985352083333332,-13.985352083333332,-2.049212686601919,-2.049212686601919,-6.260905208333332,-6.260905208333565,-22.48535208333334,-22.48535208333319,0.0,-0.001613636830903588,0.0,-3.3379078932366615e-11,0.0,-1.3412668195657919e-10,24.0,24.0,0.0,-0.004594996077480084
286,2.3333333333333335,157.49013123685916,0.0,0.0,-7.024033333333334,-7.024033333333334,-14.048066666666667,-14.048066666666667,-2.0629496858881193,-2.0629496858881193,-6.3573666666666675,-6.357366666666893,-22.04806666666666,-22.048066666666514,0.0,-0.0017638545630494964,0.0,-3.6522237452091175e-11,0.0,-1.4666038529598975e-10,24.0,24.0,0.0,-0.00449110648593404
287,2.34375,158.63136964896665,0.0,0.0,-7.055390624999999,-7.055390624999999,-14.110781249999999,-14.110781249999999,-2.076686685174319,-2.076686685174319,-6.453828124999999,-6.453828125000216,-21.61078125,-21.61078124999986,0.0,-0.0019140722951953978,0.0,-3.96653959718156e-11,0.0,-1.5919408863539982e-10,24.0,24.0,0.0,-0.004387216894388003
288,2.3541666666666665,159.7808779450538,0.0,0.0,-7.086747916666665,-7.086747916666665,-14.17349583333333,-14.17349583333333,-2.090423684460519,-2.090423684460519,-6.550289583333331,-6.55028958333354,-21.173495833333337,-21.173495833333202,0.0,-0.0020642900273412992,0.0,-4.280855449154001e-11,0.0,-1.7172779197480987e-10,24.0,24.0,0.0,-0.004283327302841964
289,2.3645833333333335,160.93871605210902,0.0,0.0,-7.118105208333333,-7.118105208333333,-14.236210416666665,-14.236210416666665,-2.104160683746719,-2.104160683746719,-6.646751041666667,-6.646751041666867,-20.73621041666666,-20.73621041666653,0.0,-0.0022145077594872076,0.0,-4.595171301126457e-11,0.0,-1.8426149531422046e-10,24.0,24.0,0.0,-0.004179437711295921
290,2.375,162.1049443313762,0.0,0.0,-7.1494625,-7.1494625,-14.298925,-14.298925,-2.1178976830329193,-2.1178976830329193,-6.7432125,-6.743212500000193,-20.298925,-20.298924999999876,0.0,-0.002364725491633109,0.0,-4.9094871530988997e-11,0.0,-1.9679519865363048e-10,24.0,24.0,0.0,-0.004075548119749883
291,2.3854166666666665,163.2796235815019,0.0,0.0,-7.180819791666666,-7.180819791666666,-14.361639583333332,-14.361639583333332,-2.131634682319119,-2.131634682319119,-6.839673958333332,-6.839673958333516,-19.86163958333334,-19.861639583333222,0.0,-0.0025149432237790105,0.0,-5.223803005071342e-11,0.0,-2.0932890199304053e-10,24.0,24.0,0.0,-0.003971658528203845
292,2.3958333333333335,164.46281504170472,0.0,0.0,-7.212177083333334,-7.212177083333334,-14.424354166666667,-14.424354166666667,-2.145371681605319,-2.145371681605319,-6.9361354166666676,-6.936135416666844,-19.42435416666666,-19.424354166666546,0.0,-0.002665160955924919,0.0,-5.538118857043798e-11,0.0,-2.2186260533245112e-10,24.0,24.0,0.0,-0.003867768936657802
293,2.40625,165.65458039496767,0.0,0.0,-7.243534374999999,-7.243534374999999,-14.487068749999999,-14.487068749999999,-2.159108680891519,-2.159108680891519,-7.032596874999999,-7.032596875000167,-18.98706875,-18.987068749999892,0.0,-0.0028153786880708203,0.0,-5.852434709016239e-11,0.0,-2.3439630867186117e-10,24.0,24.0,0.0,-0.0037638793451117633
294,2.4166666666666665,166.85498177125427,0.0,0.0,-7.274891666666666,-7.274891666666666,-14.549783333333332,-14.549783333333332,-2.172845680177719,-2.172845680177719,-7.129058333333332,-7.129058333333492,-18.549783333333338,-18.549783333333238,0.0,-0.0029655964202167217,0.0,-6.166750560988681e-11,0.0,-2.4693001201127124e-10,24.0,24.0,0.0,-0.0036599897535657257
295,2.4270833333333335,168.06408175074742,0.0,0.0,-7.306248958333334,-7.306248958333334,-14.612497916666667,-14.612497916666667,-2.1865826794639194,-2.1865826794639194,-7.225519791666668,-7.2255197916668195,-18.112497916666662,-18.112497916666563,0.0,-0.003115814152362629,0.0,-6.481066412961137e-11,0.0,-2.5946371535068183e-10,24.0,24.0,0.0,-0.003556100162019683
296,2.4375,169.28194336711158,0.0,0.0,-7.337606249999999,-7.337606249999999,-14.675212499999999,-14.675212499999999,-2.200319678750119,-2.200319678750119,-7.321981249999999,-7.321981250000143,-17.6752125,-17.67521249999991,0.0,-0.0032660318845085306,0.0,-6.79538226493358e-11,0.0,-2.7199741869009185e-10,24.0,24.0,0.0,-0.003452210570473644
297,2.4479166666666665,170.50863011077936,0.0,0.0,-7.368963541666666,-7.368963541666666,-14.737927083333332,-14.737927083333332,-2.214056678036319,-2.214056678036319,-7.418442708333332,-7.418442708333467,-17.23792708333334,-17.237927083333254,0.0,-0.003416249616654432,0.0,-7.109698116906021e-11,0.0,-2.8453112202950193e-10,24.0,24.0,0.0,-0.0033483209789276066
298,2.4583333333333335,171.74420593226117,0.0,0.0,-7.400320833333334,-7.400320833333334,-14.800641666666667,-14.800641666666667,-2.2277936773225195,-2.2277936773225195,-7.514904166666668,-7.5149041666667955,-16.80064166666666,-16.80064166666658,0.0,-0.0035664673488003404,0.0,-7.424013968878477e-11,0.0,-2.970648253689125e-10,24.0,24.0,0.0,-0.0032444313873815633
299,2.46875,172.988735245479,0.0,0.0,-7.4316781249999995,-7.4316781249999995,-14.863356249999999,-14.863356249999999,-2.2415306766087193,-2.2415306766087193,-7.6113656249999995,-7.6113656250001185,-16.36335625,-16.363356249999924,0.0,-0.003716685080946242,0.0,-7.73832982085092e-11,0.0,-3.0959852870832254e-10,24.0,24.0,0.0,-0.003140541795835525
300,2.4791666666666665,174.2422829311249,0.0,0.0,-7.463035416666666,-7.463035416666666,-14.926070833333332,-14.926070833333332,-2.255267675894919,-2.255267675894919,-7.707827083333332,-7.707827083333443,-15.92607083333334,-15.926070833333268,0.0,-0.0038669028130921433,0.0,-8.05264567282336e-11,0.0,-3.2213223204773266e-10,24.0,24.0,0.0,-0.0030366522042894863
301,2.4895833333333335,175.50491434004311,0.0,0.0,-7.494392708333334,-7.494392708333334,-14.988785416666667,-14.988785416666667,-2.2690046751811197,-2.2690046751811197,-7.804288541666668,-7.8042885416667716,-15.48878541666666,-15.488785416666595,0.0,-0.004017120545238052,0.0,-8.366961524795817e-11,0.0,-3.346659353871432e-10,24.0,24.0,0.0,-0.002932762612743444
302,2.5,176.7766952966369,0.0,0.0,-7.5257499999999995,-7.5257499999999995,-15.051499999999999,-15.051499999999999,-2.282741674467319,-2.282741674467319,-7.9007499999999995,-7.9007500000000945,-15.051499999999999,-15.051499999999939,0.0,-0.004167338277383953,0.0,-8.68127737676826e-11,0.0,-3.471996387265533e-10,24.0,24.0,0.0,-0.002828873021197406
303,2.5104166666666665,178.0576921023004,0.0,0.0,-7.557107291666665,-7.557107291666665,-15.11421458333333,-15.11421458333333,-2.296478673753519,-2.296478673753519,-7.997211458333331,-7.9972114583334175,-14.614214583333338,-14.614214583333283,0.0,-0.0043175560095298545,0.0,-8.9955932287407e-11,0.0,-3.5973334206596335e-10,24.0,24.0,0.0,-0.0027249834296513677
304,2.5208333333333335,179.34797153887504,0.0,0.0,-7.588464583333333,-7.588464583333333,-15.176929166666666,-15.176929166666666,-2.3102156730397194,-2.3102156730397194,-8.093672916666668,-8.093672916666746,-14.176929166666659,-14.176929166666609,0.0,-0.004467773741675763,0.0,-9.309909080713159e-11,0.0,-3.722670454053739e-10,24.0,24.0,0.0,-0.0026210938381053244
305,2.53125,180.64760087213082,0.0,0.0,-7.6198218749999995,-7.6198218749999995,-15.239643749999999,-15.239643749999999,-2.323952672325919,-2.323952672325919,-8.190134375,-8.19013437500007,-13.739643749999999,-13.739643749999955,0.0,-0.004617991473821664,0.0,-9.6242249326856e-11,0.0,-3.84800748744784e-10,24.0,24.0,0.0,-0.0025172042465592863
306,2.5416666666666665,181.95664785527342,0.0,0.0,-7.651179166666665,-7.651179166666665,-15.30235833333333,-15.30235833333333,-2.337689671612119,-2.337689671612119,-8.286595833333331,-8.286595833333394,-13.302358333333338,-13.302358333333297,0.0,-0.004768209205967566,0.0,-9.93854078465804e-11,0.0,-3.9733445208419403e-10,24.0,24.0,0.0,-0.002413314655013248
307,2.5520833333333335,183.2751807324761,0.0,0.0,-7.682536458333333,-7.682536458333333,-15.365072916666666,-15.365072916666666,-2.3514266708983196,-2.3514266708983196,-8.383057291666667,-8.383057291666722,-12.865072916666659,-12.865072916666625,0.0,-0.004918426938113474,0.0,-1.0252856636630499e-10,0.0,-4.098681554236046e-10,24.0,24.0,0.0,-0.002309425063467205
308,2.5625,184.60326824243742,0.0,0.0,-7.7138937499999995,-7.7138937499999995,-15.427787499999999,-15.427787499999999,-2.3651636701845193,-2.3651636701845193,-8.47951875,-8.479518750000047,-12.427787499999999,-12.42778749999997,0.0,-0.0050686446702593755,0.0,-1.0567172488602939e-10,0.0,-4.224018587630147e-10,24.0,24.0,0.0,-0.002205535471921167
309,2.5729166666666665,185.94097962196506,0.0,0.0,-7.745251041666665,-7.745251041666665,-15.49050208333333,-15.49050208333333,-2.378900669470719,-2.378900669470719,-8.57598020833333,-8.57598020833337,-11.990502083333338,-11.990502083333315,0.0,-0.005218862402405277,0.0,-1.0881488340575382e-10,0.0,-4.349355621024247e-10,24.0,24.0,0.0,-0.0021016458803751288
310,2.5833333333333335,187.28838460958522,0.0,0.0,-7.776608333333333,-7.776608333333333,-15.553216666666666,-15.553216666666666,-2.3926376687569197,-2.3926376687569197,-8.672441666666668,-8.672441666666696,-11.553216666666659,-11.553216666666641,0.0,-0.0053690801345511845,0.0,-1.1195804192547838e-10,0.0,-4.474692654418353e-10,24.0,24.0,0.0,-0.001997756288829086
311,2.59375,188.64555344917787,0.0,0.0,-7.807965625,-7.807965625,-15.61593125,-15.61593125,-2.4063746680431195,-2.4063746680431195,-8.768903125,-8.768903125000021,-11.11593125,-11.115931249999985,0.0,-0.005519297866697086,0.0,-1.1510120044520279e-10,0.0,-4.600029687812454e-10,24.0,24.0,0.0,-0.0018938666972830474
312,2.6041666666666665,190.01255689363933,0.0,0.0,-7.839322916666665,-7.839322916666665,-15.67864583333333,-15.67864583333333,-2.4201116673293193,-2.4201116673293193,-8.865364583333331,-8.865364583333346,-10.678645833333338,-10.678645833333329,0.0,-0.005669515598842987,0.0,-1.1824435896492722e-10,0.0,-4.725366721206554e-10,24.0,24.0,0.0,-0.0017899771057370093
313,2.6145833333333335,191.38946620857067,0.0,0.0,-7.870680208333333,-7.870680208333333,-15.741360416666666,-15.741360416666666,-2.4338486666155195,-2.4338486666155195,-8.961826041666667,-8.961826041666672,-10.241360416666659,-10.241360416666655,0.0,-0.005819733330988896,0.0,-1.2138751748465178e-10,0.0,-4.85070375460066e-10,24.0,24.0,0.0,-0.0016860875141909662
314,2.625,192.7763531759926,0.0,0.0,-7.9020375,-7.9020375,-15.804075,-15.804075,-2.4475856659017197,-2.4475856659017197,-9.058287499999999,-9.058287499999997,-9.804075,-9.804075000000003,0.0,-0.005969951063134797,0.0,-1.2453067600437618e-10,0.0,-4.976040787994761e-10,24.0,24.0,0.0,-0.0015821979226449282
315,2.6354166666666665,194.17329009808816,0.0,0.0,-7.933394791666666,-7.933394791666666,-15.866789583333333,-15.866789583333333,-2.461322665187919,-2.461322665187919,-9.154748958333332,-9.154748958333322,-9.36678958333334,-9.366789583333349,0.0,-0.0061201687952806985,0.0,-1.2767383452410062e-10,0.0,-5.101377821388861e-10,24.0,24.0,0.0,-0.00147830833109889
316,2.6458333333333335,195.5803498009718,0.0,0.0,-7.964752083333334,-7.964752083333334,-15.929504166666668,-15.929504166666668,-2.4750596644741196,-2.4750596644741196,-9.251210416666668,-9.25121041666665,-8.92950416666666,-8.929504166666675,0.0,-0.006270386527426607,0.0,-1.3081699304382518e-10,0.0,-5.226714854782967e-10,24.0,24.0,0.0,-0.001374418739552847
317,2.65625,196.99760563848582,0.0,0.0,-7.996109375,-7.996109375,-15.99221875,-15.99221875,-2.4887966637603194,-2.4887966637603194,-9.347671875,-9.347671874999973,-8.49221875,-8.492218750000019,0.0,-0.006420604259572508,0.0,-1.339601515635496e-10,0.0,-5.352051888177068e-10,24.0,24.0,0.0,-0.001270529148006809
318,2.6666666666666665,198.42513149602493,0.0,0.0,-8.027466666666665,-8.027466666666665,-16.05493333333333,-16.05493333333333,-2.502533663046519,-2.502533663046519,-9.444133333333331,-9.444133333333296,-8.054933333333338,-8.054933333333363,0.0,-0.00657082199171841,0.0,-1.37103310083274e-10,0.0,-5.477388921571169e-10,24.0,24.0,0.0,-0.0011666395564607702
319,2.6770833333333335,199.8630017943878,0.0,0.0,-8.058823958333333,-8.058823958333333,-16.117647916666666,-16.117647916666666,-2.51627066233272,-2.51627066233272,-9.540594791666667,-9.540594791666624,-7.617647916666659,-7.617647916666689,0.0,-0.006721039723864318,0.0,-1.4024646860299857e-10,0.0,-5.602725954965274e-10,24.0,24.0,0.0,-0.0010627499649147277
320,2.6875,201.3112914936568,0.0,0.0,-8.090181249999999,-8.090181249999999,-16.180362499999998,-16.180362499999998,-2.5300076616189195,-2.5300076616189195,-9.637056249999999,-9.637056249999947,-7.1803624999999975,-7.180362500000031,0.0,-0.00687125745601022,0.0,-1.43389627122723e-10,0.0,-5.728062988359375e-10,24.0,24.0,0.0,-0.0009588603733686892
321,2.6979166666666665,202.770076097106,0.0,0.0,-8.121538541666666,-8.121538541666666,-16.243077083333333,-16.243077083333333,-2.5437446609051193,-2.5437446609051193,-9.733517708333332,-9.733517708333274,-6.74307708333334,-6.743077083333381,0.0,-0.00702147518815612,0.0,-1.465327856424474e-10,0.0,-5.853400021753476e-10,24.0,24.0,0.0,-0.0008549707818226509
322,2.7083333333333335,204.2394316551375,0.0,0.0,-8.152895833333334,-8.152895833333334,-16.305791666666668,-16.305791666666668,-2.5574816601913195,-2.5574816601913195,-9.829979166666668,-9.8299791666666,-6.305791666666661,-6.305791666666703,0.0,-0.007171692920302029,0.0,-1.49675944162172e-10,0.0,-5.978737055147581e-10,24.0,24.0,0.0,-0.0007510811902766085
323,2.71875,205.71943476924562,0.0,0.0,-8.184253125,-8.184253125,-16.36850625,-16.36850625,-2.5712186594775197,-2.5712186594775197,-9.926440625,-9.926440624999923,-5.868506249999999,-5.868506250000049,0.0,-0.00732191065244793,0.0,-1.528191026818964e-10,0.0,-6.104074088541682e-10,24.0,24.0,0.0,-0.00064719159873057
324,2.7291666666666665,207.21016259601092,0.0,0.0,-8.215610416666665,-8.215610416666665,-16.43122083333333,-16.43122083333333,-2.5849556587637195,-2.5849556587637195,-10.022902083333332,-10.022902083333248,-5.431220833333338,-5.431220833333391,0.0,-0.007472128384593832,0.0,-1.559622612016208e-10,0.0,-6.229411121935782e-10,24.0,24.0,0.0,-0.0005433020071845317
325,2.7395833333333335,208.71169285112234,0.0,0.0,-8.246967708333333,-8.246967708333333,-16.493935416666666,-16.493935416666666,-2.5986926580499197,-2.5986926580499197,-10.119363541666667,-10.119363541666575,-4.993935416666659,-4.993935416666719,0.0,-0.00762234611673974,0.0,-1.591054197213454e-10,0.0,-6.354748155329888e-10,24.0,24.0,0.0,-0.0004394124156384888
326,2.75,210.22410381342863,0.0,0.0,-8.278324999999999,-8.278324999999999,-16.556649999999998,-16.556649999999998,-2.6124296573361194,-2.6124296573361194,-10.215824999999999,-10.2158249999999,-4.556649999999998,-4.556650000000062,0.0,-0.007772563848885642,0.0,-1.622485782410698e-10,0.0,-6.480085188723988e-10,24.0,24.0,0.0,-0.0003355228240924505
327,2.7604166666666665,211.74747432901944,0.0,0.0,-8.309682291666665,-8.309682291666665,-16.61936458333333,-16.61936458333333,-2.6261666566223196,-2.6261666566223196,-10.31228645833333,-10.312286458333222,-4.119364583333336,-4.119364583333407,0.0,-0.007922781581031543,0.0,-1.653917367607942e-10,0.0,-6.605422222118088e-10,24.0,24.0,0.0,-0.00023163323254641222
328,2.7708333333333335,213.28188381533573,0.0,0.0,-8.341039583333332,-8.341039583333332,-16.682079166666664,-16.682079166666664,-2.63990365590852,-2.63990365590852,-10.408747916666666,-10.40874791666655,-3.6820791666666572,-3.6820791666667354,0.0,-0.008072999313177452,0.0,-1.685348952805188e-10,0.0,-6.730759255512194e-10,24.0,24.0,0.0,-0.00012774364100036958
329,2.78125,214.82741226530973,0.0,0.0,-8.372396875,-8.372396875,-16.74479375,-16.74479375,-2.653640655194719,-2.653640655194719,-10.505209375,-10.505209374999875,-3.2447937499999995,-3.244793750000081,0.0,-0.008223217045323352,0.0,-1.716780538002432e-10,0.0,-6.856096288906295e-10,24.0,24.0,0.0,-2.3854049454331274e-05
330,2.7916666666666665,216.38414025153574,0.0,0.0,-8.403754166666666,-8.403754166666666,-16.80750833333333,-16.80750833333333,-2.6673776544809193,-2.6673776544809193,-10.601670833333332,-10.601670833333198,-2.807508333333338,-2.807508333333427,0.0,-0.008373434777469255,0.0,-1.748212123199676e-10,0.0,-6.981433322300395e-10,24.0,24.0,0.0,8.003554209170703e-05
331,2.8020833333333335,217.95214893047014,0.0,0.0,-8.435111458333333,-8.435111458333333,-16.870222916666666,-16.870222916666666,-2.6811146537671195,-2.6811146537671195,-10.698132291666667,-10.698132291666527,-2.370222916666659,-2.3702229166667497,0.0,-0.008523652509615162,0.0,-1.7796437083969219e-10,0.0,-7.106770355694502e-10,24.0,24.0,0.0,0.00018392513363774967
332,2.8125,219.53152004666242,0.0,0.0,-8.466468749999999,-8.466468749999999,-16.932937499999998,-16.932937499999998,-2.6948516530533198,-2.6948516530533198,-10.794593749999999,-10.79459374999985,-1.9329374999999978,-1.9329375000000955,0.0,-0.008673870241761064,0.0,-1.811075293594166e-10,0.0,-7.232107389088602e-10,24.0,24.0,0.0,0.0002878147251837882
333,2.8229166666666665,221.12233593701686,0.0,0.0,-8.497826041666665,-8.497826041666665,-16.99565208333333,-16.99565208333333,-2.7085886523395195,-2.7085886523395195,-10.89105520833333,-10.891055208333174,-1.4956520833333364,-1.4956520833334377,0.0,-0.008824087973906965,0.0,-1.8425068787914102e-10,0.0,-7.357444422482702e-10,24.0,24.0,0.0,0.0003917043167298265
334,2.8333333333333335,222.72467953508485,0.0,0.0,-8.529183333333332,-8.529183333333332,-17.058366666666664,-17.058366666666664,-2.7223256516257197,-2.7223256516257197,-10.987516666666666,-10.987516666666501,-1.0583666666666574,-1.0583666666667657,0.0,-0.008974305706052873,0.0,-1.8739384639886558e-10,0.0,-7.482781455876808e-10,24.0,24.0,0.0,0.0004955939082758691
335,2.84375,224.3386343753884,0.0,0.0,-8.560540625,-8.560540625,-17.12108125,-17.12108125,-2.73606265091192,-2.73606265091192,-11.083978125,-11.083978124999827,-0.6210812499999996,-0.6210812500001133,0.0,-0.009124523438198775,0.0,-1.9053700491859e-10,0.0,-7.608118489270909e-10,24.0,24.0,0.0,0.0005994834998219077
336,2.8541666666666665,225.96428459777525,0.0,0.0,-8.591897916666666,-8.591897916666666,-17.18379583333333,-17.18379583333333,-2.7497996501981197,-2.7497996501981197,-11.180439583333332,-11.18043958333315,-0.18379583333333827,-0.1837958333334555,0.0,-0.009274741170344675,0.0,-1.9368016343831442e-10,0.0,-7.73345552266501e-10,24.0,24.0,0.0,0.0007033730913679457
337,2.8645833333333335,227.6017149518051,0.0,0.0,-8.623255208333333,-8.623255208333333,-17.246510416666666,-17.246510416666666,-2.76353664948432,-2.76353664948432,-11.276901041666667,-11.276901041666477,0.2534895833333408,0.2534895833332165,0.0,-0.009424958902490585,0.0,-1.9682332195803898e-10,0.0,-7.858792556059115e-10,24.0,24.0,0.0,0.0008072626829139886
338,2.875,229.2510108011678,0.0,0.0,-8.654612499999999,-8.654612499999999,-17.309224999999998,-17.309224999999998,-2.7772736487705196,-2.7772736487705196,-11.373362499999999,-11.373362499999802,0.6907750000000021,0.6907749999998742,0.0,-0.009575176634636485,0.0,-1.999664804777634e-10,0.0,-7.984129589453215e-10,24.0,24.0,0.0,0.0009111522744600269
339,2.8854166666666665,230.91225812813386,0.0,0.0,-8.685969791666665,-8.685969791666665,-17.37193958333333,-17.37193958333333,-2.79101064805672,-2.79101064805672,-11.46982395833333,-11.469823958333125,1.1280604166666635,1.1280604166665285,0.0,-0.009725394366782388,0.0,-2.0310963899748782e-10,0.0,-8.109466622847317e-10,24.0,24.0,0.0,0.0010150418660060652
340,2.8958333333333335,232.5855435380367,0.0,0.0,-8.717327083333332,-8.717327083333332,-17.434654166666665,-17.434654166666665,-2.80474764734292,-2.80474764734292,-11.566285416666666,-11.566285416666453,1.5653458333333425,1.565345833333204,0.0,-0.009875612098928295,0.0,-2.0625279751721238e-10,0.0,-8.234803656241422e-10,24.0,24.0,0.0,0.0011189314575521078
341,2.90625,234.2709542637875,0.0,0.0,-8.748684375,-8.748684375,-17.49736875,-17.49736875,-2.8184846466291194,-2.8184846466291194,-11.662746875,-11.662746874999778,2.0026312500000003,2.0026312499998546,0.0,-0.010025829831074197,0.0,-2.093959560369368e-10,0.0,-8.360140689635523e-10,24.0,24.0,0.0,0.001222821049098146
342,2.9166666666666665,235.96857817042334,0.0,0.0,-8.780041666666664,-8.780041666666664,-17.560083333333328,-17.560083333333328,-2.8322216459153196,-2.8322216459153196,-11.75920833333333,-11.759208333333099,2.439916666666665,2.439916666666516,0.0,-0.010176047563220098,0.0,-2.125391145566612e-10,0.0,-8.485477723029624e-10,24.0,24.0,0.0,0.0013267106406441849
343,2.9270833333333335,237.67850375968757,0.0,0.0,-8.811398958333331,-8.811398958333331,-17.622797916666663,-17.622797916666663,-2.8459586452015198,-2.8459586452015198,-11.855669791666665,-11.855669791666427,2.8772020833333443,2.877202083333188,0.0,-0.010326265295366007,0.0,-2.1568227307638577e-10,0.0,-8.610814756423729e-10,24.0,24.0,0.0,0.0014306002321902273
344,2.9375,239.40082017464343,0.0,0.0,-8.842756249999999,-8.842756249999999,-17.685512499999998,-17.685512499999998,-2.85969564448772,-2.85969564448772,-11.952131249999999,-11.952131249999752,3.314487500000002,3.3144874999998386,0.0,-0.010476483027511908,0.0,-2.188254315961102e-10,0.0,-8.73615178981783e-10,24.0,24.0,0.0,0.0015344898237362656
345,2.9479166666666665,241.13561720432168,0.0,0.0,-8.874113541666665,-8.874113541666665,-17.74822708333333,-17.74822708333333,-2.8734326437739197,-2.8734326437739197,-12.04859270833333,-12.048592708333077,3.7517729166666633,3.7517729166665,0.0,-0.01062670075965781,0.0,-2.219685901158346e-10,0.0,-8.86148882321193e-10,24.0,24.0,0.0,0.001638379415282304
346,2.9583333333333335,242.8829852884015,0.0,0.0,-8.905470833333332,-8.905470833333332,-17.810941666666665,-17.810941666666665,-2.88716964306012,-2.88716964306012,-12.145054166666666,-12.145054166666405,4.189058333333342,4.189058333333172,0.0,-0.010776918491803717,0.0,-2.251117486355592e-10,0.0,-8.986825856606036e-10,24.0,24.0,0.0,0.0017422690068283465
347,2.96875,244.643015521925,0.0,0.0,-8.936828125,-8.936828125,-17.87365625,-17.87365625,-2.90090664234632,-2.90090664234632,-12.241515625,-12.24151562499973,4.62634375,4.626343749999826,0.0,-0.01092713622394962,0.0,-2.282549071552836e-10,0.0,-9.112162890000137e-10,24.0,24.0,0.0,0.0018461585983743849
348,2.9791666666666665,246.41579966004687,0.0,0.0,-8.968185416666664,-8.968185416666664,-17.936370833333328,-17.936370833333328,-2.9146436416325194,-2.9146436416325194,-12.33797708333333,-12.337977083333051,5.063629166666665,5.063629166666484,0.0,-0.01107735395609552,0.0,-2.31398065675008e-10,0.0,-9.237499923394237e-10,24.0,24.0,0.0,0.0019500481899204234
349,2.9895833333333335,248.20143012281727,0.0,0.0,-8.999542708333331,-8.999542708333331,-17.999085416666663,-17.999085416666663,-2.9283806409187196,-2.9283806409187196,-12.434438541666665,-12.43443854166638,5.500914583333344,5.500914583333159,0.0,-0.01122757168824143,0.0,-2.3454122419473257e-10,0.0,-9.362836956788343e-10,24.0,24.0,0.0,0.0020539377814664662
350,3.0,250.0,0.0,0.0,-9.030899999999999,-9.030899999999999,-18.061799999999998,-18.061799999999998,-2.94211764020492,-2.94211764020492,-12.530899999999999,-12.530899999999704,5.938200000000002,5.93819999999981,0.0,-0.01137778942038733,0.0,-2.37684382714457e-10,0.0,-9.488173990182444e-10,24.0,24.0,0.0,0.0021578273730125043
351,3.0104166666666665,251.81160305592593,0.0,0.0,-9.062257291666665,-9.062257291666665,-18.12451458333333,-18.12451458333333,-2.9543320866632694,-2.9543320866632694,-12.482830208333333,-12.482830208333041,5.3754854166666775,5.375485416666489,0.0,-0.01081689531376316,0.0,-2.259875363463174e-10,0.0,-9.020647076615914e-10,24.0,24.0,0.0,0.0021268527537400836
352,3.0208333333333335,253.63633373438094,0.0,0.0,-9.093614583333332,-9.093614583333332,-18.187229166666665,-18.187229166666665,-2.96654653312162,-2.96654653312162,-12.434760416666665,-12.434760416666379,4.812770833333328,4.812770833333143,0.0,-0.010256001207138963,0.0,-2.142906899781773e-10,0.0,-8.553120163049364e-10,24.0,24.0,0.0,0.0020958781344676616
353,3.03125,255.47428716352917,0.0,0.0,-9.124971875,-9.124971875,-18.24994375,-18.24994375,-2.97876097957997,-2.97876097957997,-12.386690625,-12.38669062499972,4.25005625,4.250056249999819,0.0,-0.009695107100514792,0.0,-2.0259384361003774e-10,0.0,-8.085593249482834e-10,24.0,24.0,0.0,0.0020649035151952405
354,3.0416666666666665,257.32555916087296,0.0,0.0,-9.156329166666666,-9.156329166666666,-18.31265833333333,-18.31265833333333,-2.99097542603832,-2.99097542603832,-12.338620833333334,-12.338620833333056,3.6873416666666756,3.6873416666664944,0.0,-0.00913421299389062,0.0,-1.9089699724189814e-10,0.0,-7.618066335916304e-10,24.0,24.0,0.0,0.0020339288959228194
355,3.0520833333333335,259.1902462382478,0.0,0.0,-9.187686458333333,-9.187686458333333,-18.375372916666667,-18.375372916666667,-3.0031898724966704,-3.0031898724966704,-12.290551041666665,-12.290551041666394,3.1246270833333263,3.1246270833331486,0.0,-0.008573318887266425,0.0,-1.7920015087375802e-10,0.0,-7.150539422349754e-10,24.0,24.0,0.0,0.0020029542766503974
356,3.0625,261.06844560685346,0.0,0.0,-9.219043749999999,-9.219043749999999,-18.438087499999998,-18.438087499999998,-3.01540431895502,-3.01540431895502,-12.242481249999999,-12.242481249999733,2.561912500000002,2.5619124999998277,0.0,-0.008012424780642253,0.0,-1.6750330450561845e-10,0.0,-6.683012508783223e-10,24.0,24.0,0.0,0.0019719796573779767
357,3.0729166666666665,262.9602551823223,0.0,0.0,-9.250401041666665,-9.250401041666665,-18.50080208333333,-18.50080208333333,-3.0276187654133695,-3.0276187654133695,-12.194411458333333,-12.194411458333072,1.9991979166666773,1.9991979166665068,0.0,-0.007451530674018082,0.0,-1.5580645813747883e-10,0.0,-6.215485595216694e-10,24.0,24.0,0.0,0.001941005038105556
358,3.0833333333333335,264.86577358982385,0.0,0.0,-9.281758333333332,-9.281758333333332,-18.563516666666665,-18.563516666666665,-3.03983321187172,-3.03983321187172,-12.146341666666665,-12.146341666666407,1.436483333333328,1.436483333333161,0.0,-0.0068906365673938865,0.0,-1.4410961176933876e-10,0.0,-5.747958681650144e-10,24.0,24.0,0.0,0.0019100304188331338
359,3.09375,266.7851001692059,0.0,0.0,-9.313115625,-9.313115625,-18.62623125,-18.62623125,-3.0520476583300695,-3.0520476583300695,-12.098271875,-12.098271874999748,0.87376875,0.8737687499998366,0.0,-0.006329742460769716,0.0,-1.3241276540119916e-10,0.0,-5.280431768083614e-10,24.0,24.0,0.0,0.0018790557995607127
360,3.1041666666666665,268.71833498017406,0.0,0.0,-9.344472916666666,-9.344472916666666,-18.68894583333333,-18.68894583333333,-3.0642621047884195,-3.0642621047884195,-12.050202083333334,-12.050202083333087,0.3110541666666755,0.31105416666651564,0.0,-0.005768848354145544,0.0,-1.2071591903305957e-10,0.0,-4.812904854517083e-10,24.0,24.0,0.0,0.0018480811802882922
361,3.1145833333333335,270.6655788075078,0.0,0.0,-9.375830208333333,-9.375830208333333,-18.751660416666667,-18.751660416666667,-3.0764765512467704,-3.0764765512467704,-12.002132291666666,-12.002132291666422,-0.2516604166666738,-0.2516604166668337,0.0,-0.005207954247521349,0.0,-1.0901907266491949e-10,0.0,-4.345377940950534e-10,24.0,24.0,0.0,0.0018171065610158698
362,3.125,272.6269331663144,0.0,0.0,-9.4071875,-9.4071875,-18.814375,-18.814375,-3.08869099770512,-3.08869099770512,-11.9540625,-11.954062499999761,-0.8143749999999983,-0.8143750000001511,0.0,-0.0046470601408971765,0.0,-9.73222262967799e-11,0.0,-3.877851027384004e-10,24.0,24.0,0.0,0.0017861319417434491
363,3.1354166666666665,274.6025003073217,0.0,0.0,-9.438544791666665,-9.438544791666665,-18.87708958333333,-18.87708958333333,-3.1009054441634696,-3.1009054441634696,-11.905992708333333,-11.905992708333098,-1.3770895833333228,-1.3770895833334755,0.0,-0.004086166034273006,0.0,-8.56253799286403e-11,0.0,-3.410324113817474e-10,24.0,24.0,0.0,0.0017551573224710284
364,3.1458333333333335,276.59238322220835,0.0,0.0,-9.469902083333332,-9.469902083333332,-18.939804166666665,-18.939804166666665,-3.11311989062182,-3.11311989062182,-11.857922916666665,-11.857922916666435,-1.939804166666672,-1.9398041666668213,0.0,-0.0035252719276488093,0.0,-7.392853356050022e-11,0.0,-2.9427972002509235e-10,24.0,24.0,0.0,0.001724182703198606
365,3.15625,278.5966856489731,0.0,0.0,-9.501259375,-9.501259375,-19.00251875,-19.00251875,-3.12533433708017,-3.12533433708017,-11.809853125,-11.809853124999776,-2.50251875,-2.5025187500001493,0.0,-0.0029643778210246387,0.0,-6.223168719236062e-11,0.0,-2.4752702866843937e-10,24.0,24.0,0.0,0.0016932080839261853
366,3.1666666666666665,280.6155120773432,0.0,0.0,-9.532616666666666,-9.532616666666666,-19.06523333333333,-19.06523333333333,-3.1375487835385196,-3.1375487835385196,-11.761783333333334,-11.761783333333113,-3.0652333333333246,-3.0652333333334667,0.0,-0.0024034837144004664,0.0,-5.053484082422102e-11,0.0,-2.0077433731178638e-10,24.0,24.0,0.0,0.0016622334646537642
367,3.1770833333333335,282.6489677542214,0.0,0.0,-9.563973958333333,-9.563973958333333,-19.127947916666667,-19.127947916666667,-3.1497632299968705,-3.1497632299968705,-11.713713541666666,-11.71371354166645,-3.627947916666674,-3.6279479166668125,0.0,-0.0018425896077762724,0.0,-3.883799445608093e-11,0.0,-1.5402164595513143e-10,24.0,24.0,0.0,0.0016312588453813422
368,3.1875,284.6971586891729,0.0,0.0,-9.59533125,-9.59533125,-19.1906625,-19.1906625,-3.16197767645522,-3.16197767645522,-11.66564375,-11.66564374999979,-4.190662499999998,-4.190662500000135,0.0,-0.0012816955011521018,0.0,-2.7141148087941332e-11,0.0,-1.0726895459847845e-10,24.0,24.0,0.0,0.0016002842261089215
369,3.1979166666666665,286.7601916599519,0.0,0.0,-9.626688541666665,-9.626688541666665,-19.25337708333333,-19.25337708333333,-3.1741921229135697,-3.1741921229135697,-11.617573958333333,-11.617573958333129,-4.753377083333323,-4.753377083333454,0.0,-0.0007208013945279295,0.0,-1.544430171980176e-11,0.0,-6.051626324182536e-11,24.0,24.0,0.0,0.0015693096068365004
370,3.2083333333333335,288.8381742180683,0.0,0.0,-9.658045833333333,-9.658045833333333,-19.316091666666665,-19.316091666666665,-3.18640656937192,-3.18640656937192,-11.569504166666665,-11.569504166666464,-5.316091666666672,-5.316091666666804,0.0,-0.00015990728790373464,0.0,-3.747455351661644e-12,0.0,-1.3763571885170406e-11,24.0,24.0,0.0,0.0015383349875640784
371,3.21875,290.9312146943944,0.0,0.0,-9.689403124999998,-9.689403124999998,-19.378806249999997,-19.378806249999997,-3.1986210158302697,-3.1986210158302697,-11.521434374999998,-11.521434374999803,-5.878806249999997,-5.878806250000125,0.0,0.0004009868187204377,0.0,7.949391016477954e-12,0.0,3.298911947148258e-11,24.0,24.0,0.0,0.0015073603682916577
372,3.2291666666666665,293.0394222048128,0.0,0.0,-9.720760416666664,-9.720760416666664,-19.44152083333333,-19.44152083333333,-3.2108354622886197,-3.2108354622886197,-11.473364583333332,-11.47336458333314,-6.441520833333321,-6.4415208333334455,0.0,0.0009618809253446083,0.0,1.9646237384617527e-11,0.0,7.974181082813557e-11,24.0,24.0,0.0,0.0014763857490192366
373,3.2395833333333335,295.162906655905,0.0,0.0,-9.752117708333333,-9.752117708333333,-19.504235416666667,-19.504235416666667,-3.2230499087469706,-3.2230499087469706,-11.425294791666666,-11.425294791666479,-7.004235416666674,-7.004235416666795,0.0,0.0015227750319688049,0.0,3.134308375275764e-11,0.0,1.2649450218479062e-10,24.0,24.0,0.0,0.0014454111297468146
374,3.25,297.3017787506803,0.0,0.0,-9.783475,-9.783475,-19.56695,-19.56695,-3.23526435520532,-3.23526435520532,-11.377225,-11.377224999999818,-7.5669499999999985,-7.566950000000116,0.0,0.0020836691385929754,0.0,4.3039930120897215e-11,0.0,1.732471935414436e-10,24.0,24.0,0.0,0.001414436510474394
375,3.2604166666666665,299.45614999434804,0.0,0.0,-9.814832291666665,-9.814832291666665,-19.62966458333333,-19.62966458333333,-3.2474788016636698,-3.2474788016636698,-11.329155208333333,-11.329155208333155,-8.129664583333323,-8.129664583333438,0.0,0.0026445632452171478,0.0,5.473677648903679e-11,0.0,2.199998848980965e-10,24.0,24.0,0.0,0.0013834618912019728
376,3.2708333333333335,301.6261327001305,0.0,0.0,-9.846189583333334,-9.846189583333334,-19.69237916666667,-19.69237916666667,-3.25969324812202,-3.25969324812202,-11.281085416666667,-11.281085416666494,-8.692379166666676,-8.692379166666786,0.0,0.0032054573518413426,0.0,6.64336228571769e-11,0.0,2.6675257625475154e-10,24.0,24.0,0.0,0.0013524872719295508
377,3.28125,303.8118399951172,0.0,0.0,-9.877546875,-9.877546875,-19.75509375,-19.75509375,-3.2719076945803702,-3.2719076945803702,-11.233015625,-11.233015624999833,-9.25509375,-9.25509375000011,0.0,0.003766351458465515,0.0,7.813046922531648e-11,0.0,3.1350526761140453e-10,24.0,24.0,0.0,0.00132151265265713
378,3.2916666666666665,306.01338582616376,0.0,0.0,-9.908904166666666,-9.908904166666666,-19.817808333333332,-19.817808333333332,-3.28412214103872,-3.28412214103872,-11.184945833333334,-11.18494583333317,-9.817808333333325,-9.81780833333343,0.0,0.0043272455650896855,0.0,8.982731559345605e-11,0.0,3.602579589680575e-10,24.0,24.0,0.0,0.001290538033384709
379,3.3020833333333335,308.2308849658316,0.0,0.0,-9.940261458333334,-9.940261458333334,-19.880522916666667,-19.880522916666667,-3.2963365874970707,-3.2963365874970707,-11.136876041666666,-11.136876041666508,-10.380522916666674,-10.380522916666777,0.0,0.004888139671713882,0.0,1.0152416196159616e-10,0.0,4.0701065032471257e-10,24.0,24.0,0.0,0.001259563414112287
380,3.3125,310.464453018371,0.0,0.0,-9.97161875,-9.97161875,-19.9432375,-19.9432375,-3.3085510339554203,-3.3085510339554203,-11.08880625,-11.088806249999847,-10.943237499999999,-10.943237500000098,0.0,0.005449033778338053,0.0,1.1322100832973574e-10,0.0,4.5376334168136555e-10,24.0,24.0,0.0,0.001228588794839866
381,3.3229166666666665,312.7142064257489,0.0,0.0,-10.002976041666665,-10.002976041666665,-20.00595208333333,-20.00595208333333,-3.32076548041377,-3.32076548041377,-11.040736458333333,-11.040736458333184,-11.505952083333323,-11.505952083333423,0.0,0.006009927884962224,0.0,1.2491785469787539e-10,0.0,5.005160330380185e-10,24.0,24.0,0.0,0.0011976141755674452
382,3.3333333333333335,314.9802624737183,0.0,0.0,-10.034333333333333,-10.034333333333333,-20.068666666666665,-20.068666666666665,-3.3329799268721203,-3.3329799268721203,-10.992666666666665,-10.992666666666521,-12.068666666666672,-12.068666666666765,0.0,0.00657082199158642,0.0,1.3661470106601548e-10,0.0,5.472687243946736e-10,24.0,24.0,0.0,0.0011666395562950232
383,3.34375,317.2627392979333,0.0,0.0,-10.065690624999998,-10.065690624999998,-20.131381249999997,-20.131381249999997,-3.34519437333047,-3.34519437333047,-10.944596874999998,-10.94459687499986,-12.631381249999997,-12.631381250000087,0.0,0.007131716098210591,0.0,1.4831154743415505e-10,0.0,5.940214157513266e-10,24.0,24.0,0.0,0.0011356649370226023
384,3.3541666666666665,319.5617558901076,0.0,0.0,-10.097047916666666,-10.097047916666666,-20.194095833333332,-20.194095833333332,-3.35740881978882,-3.35740881978882,-10.896527083333334,-10.896527083333199,-13.194095833333325,-13.194095833333412,0.0,0.007692610204834763,0.0,1.6000839380229465e-10,0.0,6.407741071079796e-10,24.0,24.0,0.0,0.0011046903177501814
385,3.3645833333333335,321.87743210421803,0.0,0.0,-10.128405208333334,-10.128405208333334,-20.256810416666667,-20.256810416666667,-3.36962326624717,-3.36962326624717,-10.848457291666666,-10.848457291666536,-13.756810416666674,-13.75681041666676,0.0,0.008253504311458958,0.0,1.7170524017043474e-10,0.0,6.875267984646344e-10,24.0,24.0,0.0,0.0010737156984777594
386,3.375,324.2098886627524,0.0,0.0,-10.1597625,-10.1597625,-20.319525,-20.319525,-3.38183771270552,-3.38183771270552,-10.8003875,-10.800387499999875,-14.319524999999999,-14.31952500000008,0.0,0.008814398418083128,0.0,1.8340208653857433e-10,0.0,7.342794898212874e-10,24.0,24.0,0.0,0.0010427410792053385
387,3.3854166666666665,326.5592471630038,0.0,0.0,-10.191119791666665,-10.191119791666665,-20.38223958333333,-20.38223958333333,-3.39405215916387,-3.39405215916387,-10.752317708333333,-10.752317708333212,-14.882239583333323,-14.882239583333401,0.0,0.009375292524707302,0.0,1.950989329067139e-10,0.0,7.810321811779406e-10,24.0,24.0,0.0,0.0010117664599329176
388,3.3958333333333335,328.92563008340943,0.0,0.0,-10.222477083333333,-10.222477083333333,-20.444954166666665,-20.444954166666665,-3.4062666056222204,-3.4062666056222204,-10.704247916666665,-10.70424791666655,-15.444954166666673,-15.444954166666747,0.0,0.009936186631331497,0.0,2.06795779274854e-10,0.0,8.277848725345954e-10,24.0,24.0,0.0,0.0009807918406604956
389,3.40625,331.30916078993533,0.0,0.0,-10.253834375,-10.253834375,-20.50766875,-20.50766875,-3.41848105208057,-3.41848105208057,-10.656178125,-10.65617812499989,-16.00766875,-16.00766875000007,0.0,0.010497080737955668,0.0,2.184926256429936e-10,0.0,8.745375638912484e-10,24.0,24.0,0.0,0.0009498172213880747
390,3.4166666666666665,333.70996354250855,0.0,0.0,-10.285191666666666,-10.285191666666666,-20.570383333333332,-20.570383333333332,-3.43069549853892,-3.43069549853892,-10.608108333333334,-10.608108333333227,-16.570383333333325,-16.570383333333396,0.0,0.01105797484457984,0.0,2.3018947201113317e-10,0.0,9.212902552479014e-10,24.0,24.0,0.0,0.0009188426021156539
391,3.4270833333333335,336.12816350149484,0.0,0.0,-10.316548958333332,-10.316548958333332,-20.633097916666664,-20.633097916666664,-3.44290994499727,-3.44290994499727,-10.560038541666664,-10.560038541666563,-17.13309791666667,-17.133097916666735,0.0,0.011618868951204035,0.0,2.4188631837927326e-10,0.0,9.680429466045564e-10,24.0,24.0,0.0,0.0008878679828432317
392,3.4375,338.56388673422316,0.0,0.0,-10.34790625,-10.34790625,-20.6958125,-20.6958125,-3.45512439145562,-3.45512439145562,-10.51196875,-10.511968749999903,-17.6958125,-17.695812500000063,0.0,0.012179763057828204,0.0,2.535831647474129e-10,0.0,1.0147956379612093e-09,24.0,24.0,0.0,0.0008568933635708109
393,3.4479166666666665,341.01726022155873,0.0,0.0,-10.379263541666665,-10.379263541666665,-20.75852708333333,-20.75852708333333,-3.46733883791397,-3.46733883791397,-10.463898958333333,-10.46389895833324,-18.258527083333323,-18.258527083333384,0.0,0.012740657164452378,0.0,2.652800111155525e-10,0.0,1.0615483293178623e-09,24.0,24.0,0.0,0.0008259187442983901
394,3.4583333333333335,343.48841186452233,0.0,0.0,-10.410620833333333,-10.410620833333333,-20.821241666666666,-20.821241666666666,-3.4795532843723205,-3.4795532843723205,-10.415829166666665,-10.415829166666578,-18.821241666666673,-18.82124166666673,0.0,0.013301551271076573,0.0,2.7697685748369257e-10,0.0,1.1083010206745174e-09,24.0,24.0,0.0,0.0007949441250259679
395,3.46875,345.977470490958,0.0,0.0,-10.441978124999999,-10.441978124999999,-20.883956249999997,-20.883956249999997,-3.49176773083067,-3.49176773083067,-10.367759374999999,-10.367759374999917,-19.383956249999997,-19.38395625000005,0.0,0.013862445377700743,0.0,2.8867370385183217e-10,0.0,1.1550537120311704e-09,24.0,24.0,0.0,0.0007639695057535471
396,3.4791666666666665,348.4845658622498,0.0,0.0,-10.473335416666664,-10.473335416666664,-20.94667083333333,-20.94667083333333,-3.5039821772890196,-3.5039821772890196,-10.319689583333332,-10.319689583333254,-19.94667083333332,-19.94667083333337,0.0,0.014423339484324917,0.0,3.0037055021997177e-10,0.0,1.2018064033878234e-09,24.0,24.0,0.0,0.0007329948864811263
397,3.4895833333333335,351.00982868008623,0.0,0.0,-10.504692708333334,-10.504692708333334,-21.009385416666667,-21.009385416666667,-3.51619662374737,-3.51619662374737,-10.271619791666666,-10.271619791666593,-20.509385416666674,-20.509385416666724,0.0,0.014984233590949109,0.0,3.1206739658811183e-10,0.0,1.2485590947444784e-09,24.0,24.0,0.0,0.0007020202672087041
398,3.5,353.5533905932738,0.0,0.0,-10.53605,-10.53605,-21.0721,-21.0721,-3.52841107020572,-3.52841107020572,-10.22355,-10.223549999999932,-21.0721,-21.07210000000004,0.0,0.015545127697573283,0.0,3.2376424295625143e-10,0.0,1.2953117861011314e-09,24.0,24.0,0.0,0.0006710456479362833
399,3.5104166666666665,356.1153842046008,0.0,0.0,-10.567407291666665,-10.567407291666665,-21.13481458333333,-21.13481458333333,-3.54062551666407,-3.54062551666407,-10.175480208333333,-10.17548020833327,-21.634814583333323,-21.634814583333366,0.0,0.016106021804197457,0.0,3.35461089324391e-10,0.0,1.3420644774577844e-09,24.0,24.0,0.0,0.0006400710286638625
400,3.5208333333333335,358.6959430777501,0.0,0.0,-10.598764583333335,-10.598764583333335,-21.19752916666667,-21.19752916666667,-3.55283996312242,-3.55283996312242,-10.127410416666667,-10.127410416666608,-22.197529166666676,-22.197529166666715,0.0,0.016666915910821648,0.0,3.471579356925311e-10,0.0,1.3888171688144394e-09,24.0,24.0,0.0,0.0006090964093914403
401,3.53125,361.29520174426165,0.0,0.0,-10.630121875,-10.630121875,-21.26024375,-21.26024375,-3.56505440958077,-3.56505440958077,-10.079340625,-10.079340624999947,-22.76024375,-22.760243750000036,0.0,0.01722781001744582,0.0,3.588547820606707e-10,0.0,1.4355698601710924e-09,24.0,24.0,0.0,0.0005781217901190195
402,3.5416666666666665,363.91329571054683,0.0,0.0,-10.661479166666666,-10.661479166666666,-21.322958333333332,-21.322958333333332,-3.57726885603912,-3.57726885603912,-10.031270833333334,-10.031270833333284,-23.322958333333325,-23.32295833333336,0.0,0.01778870412406999,0.0,3.705516284288103e-10,0.0,1.4823225515277454e-09,24.0,24.0,0.0,0.0005471471708465987
403,3.5520833333333335,366.5503614649522,0.0,0.0,-10.692836458333334,-10.692836458333334,-21.385672916666667,-21.385672916666667,-3.58948330249747,-3.58948330249747,-9.983201041666666,-9.983201041666621,-23.885672916666675,-23.885672916666703,0.0,0.018349598230694188,0.0,3.8224847479695035e-10,0.0,1.5290752428844005e-09,24.0,24.0,0.0,0.0005161725515741765
404,3.5625,369.20653648487485,0.0,0.0,-10.72419375,-10.72419375,-21.4483875,-21.4483875,-3.60169774895582,-3.60169774895582,-9.93513125,-9.935131249999959,-24.4483875,-24.448387500000024,0.0,0.018910492337318358,0.0,3.9394532116508995e-10,0.0,1.5758279342410534e-09,24.0,24.0,0.0,0.0004851979323017557
405,3.5729166666666665,371.8819592439301,0.0,0.0,-10.755551041666667,-10.755551041666667,-21.511102083333334,-21.511102083333334,-3.61391219541417,-3.61391219541417,-9.887061458333335,-9.8870614583333,-25.011102083333327,-25.01110208333335,0.0,0.01947138644394253,0.0,4.0564216753322955e-10,0.0,1.6225806255977064e-09,24.0,24.0,0.0,0.0004542233130293348
406,3.5833333333333335,374.57676921917044,0.0,0.0,-10.786908333333333,-10.786908333333333,-21.573816666666666,-21.573816666666666,-3.62612664187252,-3.62612664187252,-9.838991666666665,-9.838991666666635,-25.573816666666673,-25.573816666666694,0.0,0.020032280550566724,0.0,4.173390139013696e-10,0.0,1.6693333169543615e-09,24.0,24.0,0.0,0.0004232486937569127
407,3.59375,377.29110689835574,0.0,0.0,-10.818265625,-10.818265625,-21.63653125,-21.63653125,-3.63834108833087,-3.63834108833087,-9.790921875,-9.790921874999974,-26.13653125,-26.13653125000002,0.0,0.020593174657190898,0.0,4.290358602695092e-10,0.0,1.7160860083110145e-09,24.0,24.0,0.0,0.0003922740744844919
408,3.6041666666666665,380.02511378727866,0.0,0.0,-10.849622916666666,-10.849622916666666,-21.699245833333332,-21.699245833333332,-3.65055553478922,-3.65055553478922,-9.742852083333334,-9.742852083333313,-26.699245833333325,-26.69924583333334,0.0,0.021154068763815065,0.0,4.407327066376488e-10,0.0,1.7628386996676675e-09,24.0,24.0,0.0,0.000361299455212071
409,3.6145833333333335,382.77893241714133,0.0,0.0,-10.880980208333334,-10.880980208333334,-21.761960416666668,-21.761960416666668,-3.6627699812475703,-3.6627699812475703,-9.694782291666666,-9.69478229166665,-27.261960416666675,-27.261960416666685,0.0,0.021714962870439263,0.0,4.5242955300578887e-10,0.0,1.8095913910243225e-09,24.0,24.0,0.0,0.0003303248359396489
410,3.625,385.5527063519852,0.0,0.0,-10.9123375,-10.9123375,-21.824675,-21.824675,-3.6749844277059203,-3.6749844277059203,-9.6467125,-9.646712499999987,-27.824675,-27.824675000000006,0.0,0.022275856977063434,0.0,4.6412639937392847e-10,0.0,1.8563440823809755e-09,24.0,24.0,0.0,0.0002993502166672281
411,3.6354166666666665,388.3465801961763,0.0,0.0,-10.943694791666665,-10.943694791666665,-21.88738958333333,-21.88738958333333,-3.6871988741642703,-3.6871988741642703,-9.598642708333333,-9.598642708333326,-28.387389583333324,-28.387389583333327,0.0,0.022836751083687604,0.0,4.758232457420682e-10,0.0,1.9030967737376285e-09,24.0,24.0,0.0,0.0002683755973948072
412,3.6458333333333335,391.1606996019436,0.0,0.0,-10.975052083333333,-10.975052083333333,-21.950104166666666,-21.950104166666666,-3.6994133206226203,-3.6994133206226203,-9.550572916666665,-9.550572916666663,-28.950104166666673,-28.950104166666677,0.0,0.023397645190311803,0.0,4.875200921102082e-10,0.0,1.9498494650942835e-09,24.0,24.0,0.0,0.00023740097812238509
413,3.65625,393.99521127697165,0.0,0.0,-11.006409374999999,-11.006409374999999,-22.012818749999997,-22.012818749999997,-3.7116277670809703,-3.7116277670809703,-9.502503124999999,-9.502503125,-29.512818749999997,-29.512818749999994,0.0,0.023958539296935973,0.0,4.992169384783479e-10,0.0,1.9966021564509365e-09,24.0,24.0,0.0,0.00020642635884996418
414,3.6666666666666665,396.85026299204986,0.0,0.0,-11.037766666666666,-11.037766666666666,-22.075533333333333,-22.075533333333333,-3.72384221353932,-3.72384221353932,-9.454433333333334,-9.454433333333341,-30.075533333333325,-30.07553333333332,0.0,0.024519433403560144,0.0,5.109137848464874e-10,0.0,2.0433548478075895e-09,24.0,24.0,0.0,0.00017545173957754338
415,3.6770833333333335,399.7260035887756,0.0,0.0,-11.069123958333334,-11.069123958333334,-22.138247916666668,-22.138247916666668,-3.7360566599976703,-3.7360566599976703,-9.406363541666666,-9.406363541666678,-30.638247916666675,-30.638247916666664,0.0,0.02508032751018434,0.0,5.226106312146275e-10,0.0,2.0901075391642446e-09,24.0,24.0,0.0,0.00014447712030512129
416,3.6875,402.6225829873136,0.0,0.0,-11.100481250000001,-11.100481250000001,-22.200962500000003,-22.200962500000003,-3.7482711064560204,-3.7482711064560204,-9.358293750000001,-9.358293750000017,-31.200962500000003,-31.200962499999992,0.0,0.025641221616808513,0.0,5.343074775827671e-10,0.0,2.1368602305208975e-09,24.0,24.0,0.0,0.00011350250103270038
417,3.6979166666666665,405.540152194212,0.0,0.0,-11.131838541666667,-11.131838541666667,-22.263677083333334,-22.263677083333334,-3.7604855529143704,-3.7604855529143704,-9.310223958333335,-9.310223958333356,-31.763677083333327,-31.763677083333313,0.0,0.026202115723432683,0.0,5.460043239509067e-10,0.0,2.1836129218775505e-09,24.0,24.0,0.0,8.252788176027958e-05
418,3.7083333333333335,408.478863310275,0.0,0.0,-11.163195833333335,-11.163195833333335,-22.32639166666667,-22.32639166666667,-3.7726999993727204,-3.7726999993727204,-9.262154166666667,-9.262154166666694,-32.32639166666668,-32.32639166666666,0.0,0.026763009830056878,0.0,5.577011703190468e-10,0.0,2.2303656132342056e-09,24.0,24.0,0.0,5.1553262487857485e-05
419,3.71875,411.43886953849125,0.0,0.0,-11.194553125,-11.194553125,-22.38910625,-22.38910625,-3.7849144458310704,-3.7849144458310704,-9.214084375,-9.21408437500003,-32.88910625,-32.88910624999998,0.0,0.027323903936681052,0.0,5.693980166871864e-10,0.0,2.2771183045908586e-09,24.0,24.0,0.0,2.057864321543658e-05
420,3.7291666666666665,414.42032519202183,0.0,0.0,-11.225910416666666,-11.225910416666666,-22.451820833333333,-22.451820833333333,-3.79712889228942,-3.79712889228942,-9.166014583333334,-9.16601458333337,-33.45182083333333,-33.4518208333333,0.0,0.02788479804330522,0.0,5.81094863055326e-10,0.0,2.3238709959475116e-09,24.0,24.0,0.0,-1.0395976056984217e-05
421,3.7395833333333335,417.4233857022447,0.0,0.0,-11.257267708333334,-11.257267708333334,-22.514535416666668,-22.514535416666668,-3.8093433387477704,-3.8093433387477704,-9.117944791666666,-9.117944791666705,-34.014535416666675,-34.01453541666665,0.0,0.028445692149929414,0.0,5.92791709423466e-10,0.0,2.370623687304166e-09,24.0,24.0,0.0,-4.1370595329406424e-05
422,3.75,420.44820762685725,0.0,0.0,-11.288625,-11.288625,-22.57725,-22.57725,-3.82155778520612,-3.82155778520612,-9.069875,-9.069875000000044,-34.57725,-34.57724999999997,0.0,0.029006586256553585,0.0,6.044885557916057e-10,0.0,2.417376378660819e-09,24.0,24.0,0.0,-7.234521460182722e-05
423,3.7604166666666665,423.4949486580389,0.0,0.0,-11.319982291666665,-11.319982291666665,-22.63996458333333,-22.63996458333333,-3.8337722316644705,-3.8337722316644705,-9.021805208333333,-9.021805208333383,-35.139964583333324,-35.139964583333295,0.0,0.02956748036317776,0.0,6.161854021597452e-10,0.0,2.4641290700174726e-09,24.0,24.0,0.0,-0.00010331983387424802
424,3.7708333333333335,426.56376763067146,0.0,0.0,-11.351339583333333,-11.351339583333333,-22.702679166666666,-22.702679166666666,-3.8459866781228205,-3.8459866781228205,-8.973735416666665,-8.97373541666672,-35.70267916666667,-35.70267916666664,0.0,0.03012837446980195,0.0,6.278822485278853e-10,0.0,2.5108817613741272e-09,24.0,24.0,0.0,-0.00013429445314667022
425,3.78125,429.65482453061946,0.0,0.0,-11.382696874999999,-11.382696874999999,-22.765393749999998,-22.765393749999998,-3.8582011245811705,-3.8582011245811705,-8.925665624999999,-8.925665625000057,-36.26539375,-36.26539374999996,0.0,0.030689268576426124,0.0,6.395790948960249e-10,0.0,2.55763445273078e-09,24.0,24.0,0.0,-0.00016526907241909102
426,3.7916666666666665,432.7682805030715,0.0,0.0,-11.414054166666665,-11.414054166666665,-22.82810833333333,-22.82810833333333,-3.87041557103952,-3.87041557103952,-8.877595833333332,-8.877595833333396,-36.82810833333332,-36.828108333333276,0.0,0.031250162683050295,0.0,6.512759412641645e-10,0.0,2.604387144087433e-09,24.0,24.0,0.0,-0.00019624369169151187
427,3.8020833333333335,435.9042978609403,0.0,0.0,-11.445411458333332,-11.445411458333332,-22.890822916666664,-22.890822916666664,-3.8826300174978705,-3.8826300174978705,-8.829526041666664,-8.829526041666732,-37.39082291666667,-37.39082291666663,0.0,0.03181105678967449,0.0,6.629727876323045e-10,0.0,2.6511398354440882e-09,24.0,24.0,0.0,-0.00022721831096393402
428,3.8125,439.06304009332484,0.0,0.0,-11.47676875,-11.47676875,-22.9535375,-22.9535375,-3.89484446395622,-3.89484446395622,-8.78145625,-8.781456250000073,-37.953537499999996,-37.95353749999995,0.0,0.032371950896298664,0.0,6.746696340004442e-10,0.0,2.6978925268007412e-09,24.0,24.0,0.0,-0.0002581929302363548
429,3.8229166666666665,442.2446718740337,0.0,0.0,-11.508126041666666,-11.508126041666666,-23.01625208333333,-23.01625208333333,-3.9070589104145697,-3.9070589104145697,-8.733386458333333,-8.733386458333412,-38.51625208333333,-38.51625208333327,0.0,0.03293284500292284,0.0,6.863664803685837e-10,0.0,2.7446452181573942e-09,24.0,24.0,0.0,-0.00028916754950877567
430,3.8333333333333335,445.4493590701697,0.0,0.0,-11.539483333333333,-11.539483333333333,-23.078966666666666,-23.078966666666666,-3.9192733568729206,-3.9192733568729206,-8.685316666666665,-8.685316666666747,-39.07896666666667,-39.07896666666662,0.0,0.033493739109547026,0.0,6.980633267367238e-10,0.0,2.7913979095140493e-09,24.0,24.0,0.0,-0.0003201421687811978
431,3.84375,448.6772687507768,0.0,0.0,-11.570840624999999,-11.570840624999999,-23.141681249999998,-23.141681249999998,-3.9314878033312706,-3.9314878033312706,-8.637246874999999,-8.637246875000086,-39.64168125,-39.64168124999994,0.0,0.0340546332161712,0.0,7.097601731048634e-10,0.0,2.8381506008707023e-09,24.0,24.0,0.0,-0.0003511167880536187
432,3.8541666666666665,451.9285691955505,0.0,0.0,-11.602197916666665,-11.602197916666665,-23.20439583333333,-23.20439583333333,-3.94370224978962,-3.94370224978962,-8.589177083333333,-8.589177083333425,-40.20439583333332,-40.204395833333265,0.0,0.034615527322795374,0.0,7.21457019473003e-10,0.0,2.8849032922273552e-09,24.0,24.0,0.0,-0.0003820914073260395
433,3.8645833333333335,455.2034299036102,0.0,0.0,-11.633555208333334,-11.633555208333334,-23.267110416666668,-23.267110416666668,-3.9559166962479706,-3.9559166962479706,-8.541107291666666,-8.541107291666762,-40.767110416666675,-40.76711041666661,0.0,0.03517642142941957,0.0,7.331538658411432e-10,0.0,2.9316559835840103e-09,24.0,24.0,0.0,-0.0004130660265984616
434,3.875,458.5020216023356,0.0,0.0,-11.6649125,-11.6649125,-23.329825,-23.329825,-3.96813114270632,-3.96813114270632,-8.4930375,-8.493037500000101,-41.329825,-41.329824999999936,0.0,0.03573731553604374,0.0,7.448507122092828e-10,0.0,2.9784086749406633e-09,24.0,24.0,0.0,-0.0004440406458708825
435,3.8854166666666665,461.8245162562677,0.0,0.0,-11.696269791666666,-11.696269791666666,-23.39253958333333,-23.39253958333333,-3.9803455891646697,-3.9803455891646697,-8.444967708333333,-8.44496770833344,-41.892539583333324,-41.89253958333325,0.0,0.03629820964266791,0.0,7.565475585774224e-10,0.0,3.0251613662973163e-09,24.0,24.0,0.0,-0.00047501526514330333
436,3.8958333333333335,465.1710870760734,0.0,0.0,-11.727627083333333,-11.727627083333333,-23.455254166666666,-23.455254166666666,-3.9925600356230206,-3.9925600356230206,-8.396897916666665,-8.396897916666777,-42.45525416666668,-42.455254166666606,0.0,0.036859103749292105,0.0,7.682444049455625e-10,0.0,3.0719140576539713e-09,24.0,24.0,0.0,-0.0005059898844157254
437,3.90625,468.541908527575,0.0,0.0,-11.758984374999999,-11.758984374999999,-23.517968749999998,-23.517968749999998,-4.004774482081371,-4.004774482081371,-8.348828124999999,-8.348828125000114,-43.017968749999994,-43.01796874999992,0.0,0.03741999785591628,0.0,7.799412513137021e-10,0.0,3.1186667490106243e-09,24.0,24.0,0.0,-0.0005369645036881463
438,3.9166666666666665,471.9371563408467,0.0,0.0,-11.790341666666666,-11.790341666666666,-23.580683333333333,-23.580683333333333,-4.01698892853972,-4.01698892853972,-8.300758333333334,-8.300758333333455,-43.580683333333326,-43.58068333333325,0.0,0.03798089196254045,0.0,7.916380976818416e-10,0.0,3.1654194403672773e-09,24.0,24.0,0.0,-0.0005679391229605671
439,3.9270833333333335,475.35700751937514,0.0,0.0,-11.821698958333334,-11.821698958333334,-23.643397916666668,-23.643397916666668,-4.029203374998071,-4.029203374998071,-8.252688541666666,-8.252688541666792,-44.14339791666667,-44.14339791666659,0.0,0.03854178606916464,0.0,8.033349440499818e-10,0.0,3.2121721317239323e-09,24.0,24.0,0.0,-0.0005989137422329892
440,3.9375,478.80164034928686,0.0,0.0,-11.85305625,-11.85305625,-23.7061125,-23.7061125,-4.04141782145642,-4.04141782145642,-8.20461875,-8.20461875000013,-44.7061125,-44.70611249999992,0.0,0.039102680175788815,0.0,8.150317904181213e-10,0.0,3.2589248230805853e-09,24.0,24.0,0.0,-0.0006298883615054101
441,3.9479166666666665,482.27123440864335,0.0,0.0,-11.884413541666666,-11.884413541666666,-23.76882708333333,-23.76882708333333,-4.05363226791477,-4.05363226791477,-8.156548958333333,-8.156548958333468,-45.26882708333332,-45.268827083333235,0.0,0.03966357428241299,0.0,8.267286367862609e-10,0.0,3.3056775144372383e-09,24.0,24.0,0.0,-0.0006608629807778309
442,3.9583333333333335,485.765970576803,0.0,0.0,-11.915770833333333,-11.915770833333333,-23.831541666666666,-23.831541666666666,-4.06584671437312,-4.06584671437312,-8.108479166666665,-8.108479166666804,-45.83154166666667,-45.83154166666658,0.0,0.040224468389037184,0.0,8.38425483154401e-10,0.0,3.3524302057938934e-09,24.0,24.0,0.0,-0.000691837600050253
443,3.96875,489.28603104385,0.0,0.0,-11.947128124999999,-11.947128124999999,-23.894256249999998,-23.894256249999998,-4.078061160831471,-4.078061160831471,-8.060409374999999,-8.060409375000143,-46.39425625,-46.394256249999906,0.0,0.04078536249566136,0.0,8.501223295225406e-10,0.0,3.3991828971505464e-09,24.0,24.0,0.0,-0.0007228122193226739
444,3.9791666666666665,492.83159932009374,0.0,0.0,-11.978485416666667,-11.978485416666667,-23.956970833333333,-23.956970833333333,-4.09027560728982,-4.09027560728982,-8.012339583333334,-8.012339583333484,-46.95697083333333,-46.95697083333323,0.0,0.04134625660228553,0.0,8.618191758906801e-10,0.0,3.4459355885071993e-09,24.0,24.0,0.0,-0.0007537868385950947
445,3.9895833333333335,496.40286024563454,0.0,0.0,-12.009842708333334,-12.009842708333334,-24.01968541666667,-24.01968541666667,-4.10249005374817,-4.10249005374817,-7.964269791666666,-7.964269791666819,-47.519685416666675,-47.519685416666576,0.0,0.04190715070890972,0.0,8.735160222588203e-10,0.0,3.4926882798638544e-09,24.0,24.0,0.0,-0.0007847614578675169
446,4.0,500.0,0.0,0.0,-12.0412,-12.0412,-24.0824,-24.0824,-4.11470450020652,-4.11470450020652,-7.9162,-7.916200000000158,-48.0824,-48.08239999999989,0.0,0.042468044815533894,0.0,8.852128686269599e-10,0.0,3.5394409712205074e-09,24.0,24.0,0.0,-0.0008157360771399377
447,4.010416666666667,503.6232061118521,0.0,0.0,-12.072557291666667,-12.072557291666667,-24.145114583333335,-24.145114583333335,-4.119660884683814,-4.119660884683814,-8.04521354166667,-8.045213541666826,-47.645114583333324,-47.64511458333322,0.0,0.04037468612118918,0.0,8.415936031051575e-10,0.0,3.3649873143903428e-09,24.0,24.0,0.0,-0.0007957271915885552
448,4.020833333333333,507.27266746876177,0.0,0.0,-12.103914583333331,-12.103914583333331,-24.207829166666663,-24.207829166666663,-4.124617269161108,-4.124617269161108,-8.174227083333328,-8.174227083333482,-47.20782916666668,-47.20782916666658,0.0,0.03828132742684463,0.0,7.979743375833589e-10,0.0,3.190533657560193e-09,24.0,24.0,0.0,-0.0007757183060371742
449,4.03125,510.94857432705834,0.0,0.0,-12.135271874999999,-12.135271874999999,-24.270543749999998,-24.270543749999998,-4.129573653638402,-4.129573653638402,-8.303240624999999,-8.30324062500015,-46.77054375,-46.7705437499999,0.0,0.036187968732499916,0.0,7.543550720615565e-10,0.0,3.0160800007300284e-09,24.0,24.0,0.0,-0.0007557094204857917
450,4.041666666666667,514.6511183217461,0.0,0.0,-12.166629166666667,-12.166629166666667,-24.333258333333333,-24.333258333333333,-4.134530038115695,-4.134530038115695,-8.43225416666667,-8.432254166666818,-46.33325833333332,-46.33325833333322,0.0,0.0340946100381552,0.0,7.107358065397542e-10,0.0,2.841626343899864e-09,24.0,24.0,0.0,-0.0007357005349344092
451,4.052083333333333,518.3804924764955,0.0,0.0,-12.197986458333332,-12.197986458333332,-24.395972916666665,-24.395972916666665,-4.139486422592989,-4.139486422592989,-8.561267708333329,-8.561267708333475,-45.89597291666668,-45.89597291666659,0.0,0.032001251343810655,0.0,6.671165410179556e-10,0.0,2.667172687069714e-09,24.0,24.0,0.0,-0.0007156916493830282
452,4.0625,522.1368912137069,0.0,0.0,-12.22934375,-12.22934375,-24.4586875,-24.4586875,-4.144442807070283,-4.144442807070283,-8.69028125,-8.690281250000144,-45.458687499999996,-45.45868749999991,0.0,0.029907892649465938,0.0,6.234972754961532e-10,0.0,2.4927190302395495e-09,24.0,24.0,0.0,-0.0006956827638316457
453,4.072916666666667,525.9205103646448,0.0,0.0,-12.260701041666668,-12.260701041666668,-24.521402083333335,-24.521402083333335,-4.149399191547577,-4.149399191547577,-8.819294791666671,-8.819294791666811,-45.02140208333332,-45.02140208333323,0.0,0.02781453395512122,0.0,5.798780099743509e-10,0.0,2.318265373409385e-09,24.0,24.0,0.0,-0.0006756738782802631
454,4.083333333333333,529.7315471796476,0.0,0.0,-12.292058333333332,-12.292058333333332,-24.584116666666663,-24.584116666666663,-4.15435557602487,-4.15435557602487,-8.94830833333333,-8.948308333333468,-44.584116666666674,-44.58411666666659,0.0,0.02572117526077668,0.0,5.362587444525523e-10,0.0,2.143811716579235e-09,24.0,24.0,0.0,-0.0006556649927288822
455,4.09375,533.5702003384118,0.0,0.0,-12.323415624999999,-12.323415624999999,-24.646831249999998,-24.646831249999998,-4.159311960502165,-4.159311960502165,-9.077321874999999,-9.077321875000136,-44.14683125,-44.146831249999906,0.0,0.023627816566431956,0.0,4.9263947893075e-10,0.0,1.9693580597490706e-09,24.0,24.0,0.0,-0.0006356561071774997
456,4.104166666666667,537.4366699603484,0.0,0.0,-12.354772916666667,-12.354772916666667,-24.709545833333333,-24.709545833333333,-4.164268344979458,-4.164268344979458,-9.206335416666668,-9.206335416666803,-43.70954583333332,-43.70954583333324,0.0,0.021534457872087243,0.0,4.4902021340894755e-10,0.0,1.7949044029189062e-09,24.0,24.0,0.0,-0.0006156472216261172
457,4.114583333333333,541.3311576150155,0.0,0.0,-12.386130208333332,-12.386130208333332,-24.772260416666665,-24.772260416666665,-4.169224729456752,-4.169224729456752,-9.33534895833333,-9.33534895833346,-43.27226041666668,-43.2722604166666,0.0,0.019441099177742702,0.0,4.0540094788714886e-10,0.0,1.6204507460887565e-09,24.0,24.0,0.0,-0.0005956383360747362
458,4.125,545.2538663326288,0.0,0.0,-12.4174875,-12.4174875,-24.834975,-24.834975,-4.174181113934045,-4.174181113934045,-9.4643625,-9.464362500000128,-42.834975,-42.834974999999915,0.0,0.01734774048339798,0.0,3.617816823653466e-10,0.0,1.4459970892585918e-09,24.0,24.0,0.0,-0.0005756294505233537
459,4.135416666666667,549.2050006146435,0.0,0.0,-12.448844791666668,-12.448844791666668,-24.897689583333335,-24.897689583333335,-4.17913749841134,-4.17913749841134,-9.59337604166667,-9.593376041666797,-42.39768958333332,-42.39768958333324,0.0,0.015254381789053261,0.0,3.181624168435442e-10,0.0,1.2715434324284272e-09,24.0,24.0,0.0,-0.0005556205649719711
460,4.145833333333333,553.1847664444165,0.0,0.0,-12.480202083333332,-12.480202083333332,-24.960404166666663,-24.960404166666663,-4.184093882888633,-4.184093882888633,-9.722389583333328,-9.722389583333452,-41.96040416666668,-41.96040416666659,0.0,0.013161023094708721,0.0,2.7454315132174553e-10,0.0,1.0970897755982777e-09,24.0,24.0,0.0,-0.0005356116794205902
461,4.15625,557.1933712979462,0.0,0.0,-12.511559375,-12.511559375,-25.02311875,-25.02311875,-4.189050267365927,-4.189050267365927,-9.851403125,-9.85140312500012,-41.523118749999995,-41.523118749999924,0.0,0.011067664400364,0.0,2.309238857999432e-10,0.0,9.226361187681131e-10,24.0,24.0,0.0,-0.0005156027938692077
462,4.166666666666667,561.2310241546866,0.0,0.0,-12.542916666666667,-12.542916666666667,-25.085833333333333,-25.085833333333333,-4.194006651843221,-4.194006651843221,-9.98041666666667,-9.980416666666788,-41.08583333333332,-41.08583333333324,0.0,0.008974305706019283,0.0,1.873046202781408e-10,0.0,7.481824619379485e-10,24.0,24.0,0.0,-0.000495593908317825
463,4.177083333333333,565.2979355084427,0.0,0.0,-12.574273958333333,-12.574273958333333,-25.148547916666665,-25.148547916666665,-4.198963036320515,-4.198963036320515,-10.109430208333329,-10.109430208333446,-40.64854791666668,-40.6485479166666,0.0,0.006880947011674743,0.0,1.436853547563422e-10,0.0,5.737288051077988e-10,24.0,24.0,0.0,-0.00047558502276644416
464,4.1875,569.3943173783458,0.0,0.0,-12.605631249999998,-12.605631249999998,-25.211262499999997,-25.211262499999997,-4.203919420797808,-4.203919420797808,-10.238443749999998,-10.238443750000112,-40.2112625,-40.21126249999992,0.0,0.004787588317330019,0.0,1.0006608923453988e-10,0.0,3.992751482776342e-10,24.0,24.0,0.0,-0.0004555761372150616
465,4.197916666666667,573.520383319904,0.0,0.0,-12.636988541666668,-12.636988541666668,-25.273977083333335,-25.273977083333335,-4.2088758052751025,-4.2088758052751025,-10.367457291666671,-10.367457291666781,-39.77397708333332,-39.77397708333325,0.0,0.0026942296229853016,0.0,5.6446823712737465e-11,0.0,2.2482149144747e-10,24.0,24.0,0.0,-0.00043556725166367903
466,4.208333333333333,577.6763484361363,0.0,0.0,-12.668345833333332,-12.668345833333332,-25.336691666666663,-25.336691666666663,-4.213832189752396,-4.213832189752396,-10.49647083333333,-10.496470833333438,-39.33669166666668,-39.33669166666661,0.0,0.0006008709286407649,0.0,1.2827558190938871e-11,0.0,5.0367834617319857e-11,24.0,24.0,0.0,-0.00041555836611229815
467,4.21875,581.8624293887888,0.0,0.0,-12.699703125,-12.699703125,-25.39940625,-25.39940625,-4.21878857422969,-4.21878857422969,-10.625484375,-10.625484375000106,-38.89940625,-38.89940624999993,0.0,-0.0014924877657039592,0.0,-3.0791707330863444e-11,0.0,-1.2408582221284475e-10,24.0,24.0,0.0,-0.0003955494805609156
468,4.229166666666667,586.0788444096258,0.0,0.0,-12.731060416666667,-12.731060416666667,-25.462120833333334,-25.462120833333334,-4.223744958706984,-4.223744958706984,-10.75449791666667,-10.754497916666773,-38.462120833333316,-38.46212083333325,0.0,-0.0035858464600486764,0.0,-7.441097285266586e-11,0.0,-2.9853947904300895e-10,24.0,24.0,0.0,-0.000375540595009533
469,4.239583333333333,590.3258133118097,0.0,0.0,-12.76241770833333,-12.76241770833333,-25.52483541666666,-25.52483541666666,-4.2287013431842775,-4.2287013431842775,-10.883511458333327,-10.88351145833343,-38.024835416666676,-38.02483541666661,0.0,-0.005679205154393213,0.0,-1.1803023837446446e-10,0.0,-4.729931358731591e-10,24.0,24.0,0.0,-0.00035553170945815213
470,4.25,594.6035575013606,0.0,0.0,-12.793775,-12.793775,-25.58755,-25.58755,-4.233657727661571,-4.233657727661571,-11.012525,-11.0125250000001,-37.58755,-37.587549999999936,0.0,-0.007772563848737937,0.0,-1.6164950389626677e-10,0.0,-6.474467927033237e-10,24.0,24.0,0.0,-0.00033552282390676957
471,4.260416666666667,598.9122999886963,0.0,0.0,-12.82513229166667,-12.82513229166667,-25.65026458333334,-25.65026458333334,-4.2386141121388645,-4.2386141121388645,-11.141538541666673,-11.141538541666769,-37.150264583333325,-37.15026458333327,0.0,-0.009865922543082654,0.0,-2.052687694180691e-10,0.0,-8.219004495334879e-10,24.0,24.0,0.0,-0.000315513938355387
472,4.270833333333333,603.2522654002607,0.0,0.0,-12.856489583333333,-12.856489583333333,-25.712979166666667,-25.712979166666667,-4.243570496616158,-4.243570496616158,-11.27055208333333,-11.270552083333426,-36.712979166666685,-36.71297916666662,0.0,-0.011959281237427195,0.0,-2.488880349398677e-10,0.0,-9.96354106363638e-10,24.0,24.0,0.0,-0.0002955050528040061
473,4.28125,607.6236799902345,0.0,0.0,-12.887846875000001,-12.887846875000001,-25.775693750000002,-25.775693750000002,-4.2485268810934524,-4.2485268810934524,-11.399565625000001,-11.399565625000093,-36.27569375,-36.275693749999945,0.0,-0.014052639931771912,0.0,-2.925073004616701e-10,0.0,-1.1708077631938022e-09,24.0,24.0,0.0,-0.00027549616725262355
474,4.291666666666667,612.0267716523277,0.0,0.0,-12.919204166666669,-12.919204166666669,-25.838408333333337,-25.838408333333337,-4.253483265570747,-4.253483265570747,-11.528579166666672,-11.528579166666761,-35.83840833333332,-35.83840833333326,0.0,-0.016145998626116632,0.0,-3.361265659834724e-10,0.0,-1.3452614200239664e-09,24.0,24.0,0.0,-0.000255487281701241
475,4.302083333333333,616.461769931663,0.0,0.0,-12.950561458333333,-12.950561458333333,-25.901122916666665,-25.901122916666665,-4.2584396500480395,-4.2584396500480395,-11.657592708333329,-11.657592708333418,-35.40112291666668,-35.40112291666662,0.0,-0.01823935732046117,0.0,-3.79745831505271e-10,0.0,-1.519715076854117e-09,24.0,24.0,0.0,-0.00023547839614986005
476,4.3125,620.928906036742,0.0,0.0,-12.981918750000002,-12.981918750000002,-25.963837500000004,-25.963837500000004,-4.263396034525334,-4.263396034525334,-11.786606250000002,-11.786606250000087,-34.963837500000004,-34.963837499999954,0.0,-0.02033271601480589,0.0,-4.233650970270733e-10,0.0,-1.6941687336842807e-09,24.0,24.0,0.0,-0.00021546951059847754
477,4.322916666666667,625.4284128514979,0.0,0.0,-13.013276041666668,-13.013276041666668,-26.026552083333335,-26.026552083333335,-4.268352419002627,-4.268352419002627,-11.915619791666671,-11.915619791666753,-34.52655208333332,-34.52655208333327,0.0,-0.02242607470915061,0.0,-4.669843625488758e-10,0.0,-1.8686223905144458e-09,24.0,24.0,0.0,-0.00019546062504709498
478,4.333333333333333,629.9605249474365,0.0,0.0,-13.044633333333334,-13.044633333333334,-26.089266666666667,-26.089266666666667,-4.273308803479921,-4.273308803479921,-12.04463333333333,-12.04463333333341,-34.08926666666668,-34.08926666666663,0.0,-0.024519433403495154,0.0,-5.106036280706744e-10,0.0,-2.043076047344595e-09,24.0,24.0,0.0,-0.00017545173949571404
479,4.34375,634.5254785958666,0.0,0.0,-13.075990625,-13.075990625,-26.15198125,-26.15198125,-4.278265187957215,-4.278265187957215,-12.173646875,-12.173646875000077,-33.65198125,-33.65198124999995,0.0,-0.026612792097839868,0.0,-5.542228935924768e-10,0.0,-2.21752970417476e-09,24.0,24.0,0.0,-0.00015544285394433153
480,4.354166666666667,639.1235117802154,0.0,0.0,-13.107347916666669,-13.107347916666669,-26.214695833333337,-26.214695833333337,-4.283221572434509,-4.283221572434509,-12.302660416666672,-12.302660416666747,-33.21469583333332,-33.21469583333328,0.0,-0.02870615079218459,0.0,-5.978421591142791e-10,0.0,-2.3919833610049243e-09,24.0,24.0,0.0,-0.00013543396839294896
481,4.364583333333333,643.7548642084358,0.0,0.0,-13.138705208333333,-13.138705208333333,-26.277410416666665,-26.277410416666665,-4.288177956911802,-4.288177956911802,-12.431673958333329,-12.431673958333402,-32.77741041666668,-32.77741041666663,0.0,-0.030799509486529132,0.0,-6.414614246360778e-10,0.0,-2.5664370178350744e-09,24.0,24.0,0.0,-0.00011542508284156802
482,4.375,648.4197773255048,0.0,0.0,-13.1700625,-13.1700625,-26.340125,-26.340125,-4.293134341389097,-4.293134341389097,-12.5606875,-12.56068750000007,-32.340125,-32.34012499999996,0.0,-0.03289286818087385,0.0,-6.850806901578801e-10,0.0,-2.7408906746652386e-09,24.0,24.0,0.0,-9.541619729018546e-05
483,4.385416666666667,653.1184943260079,0.0,0.0,-13.201419791666668,-13.201419791666668,-26.402839583333336,-26.402839583333336,-4.29809072586639,-4.29809072586639,-12.689701041666671,-12.689701041666737,-31.90283958333332,-31.90283958333328,0.0,-0.034986226875218567,0.0,-7.286999556796823e-10,0.0,-2.9153443314954036e-09,24.0,24.0,0.0,-7.540731173880295e-05
484,4.395833333333333,657.8512601668187,0.0,0.0,-13.232777083333332,-13.232777083333332,-26.465554166666664,-26.465554166666664,-4.303047110343684,-4.303047110343684,-12.818714583333328,-12.818714583333394,-31.465554166666678,-31.465554166666635,0.0,-0.0370795855695631,0.0,-7.72319221201481e-10,0.0,-3.089797988325553e-09,24.0,24.0,0.0,-5.539842618742201e-05
485,4.40625,662.6183215798707,0.0,0.0,-13.264134375000001,-13.264134375000001,-26.528268750000002,-26.528268750000002,-4.308003494820977,-4.308003494820977,-12.947728125000001,-12.947728125000063,-31.028268750000002,-31.028268749999963,0.0,-0.03917294426390783,0.0,-8.159384867232835e-10,0.0,-3.264251645155718e-09,24.0,24.0,0.0,-3.5389540636039446e-05
486,4.416666666666667,667.4199270850173,0.0,0.0,-13.295491666666667,-13.295491666666667,-26.590983333333334,-26.590983333333334,-4.312959879298272,-4.312959879298272,-13.07674166666667,-13.076741666666729,-30.59098333333332,-30.590983333333284,0.0,-0.041266302958252545,0.0,-8.595577522450858e-10,0.0,-3.438705301985882e-09,24.0,24.0,0.0,-1.5380655084656935e-05
487,4.427083333333333,672.2563270029895,0.0,0.0,-13.326848958333333,-13.326848958333333,-26.653697916666665,-26.653697916666665,-4.317916263775565,-4.317916263775565,-13.20575520833333,-13.205755208333388,-30.15369791666668,-30.153697916666644,0.0,-0.04335966165259708,0.0,-9.031770177668844e-10,0.0,-3.6131589588160323e-09,24.0,24.0,0.0,4.628230466724003e-06
488,4.4375,677.1277734684463,0.0,0.0,-13.35820625,-13.35820625,-26.7164125,-26.7164125,-4.32287264825286,-4.32287264825286,-13.33476875,-13.334768750000055,-29.7164125,-29.716412499999965,0.0,-0.045453020346941805,0.0,-9.467962832886867e-10,0.0,-3.787612615646197e-09,24.0,24.0,0.0,2.4637116018106568e-05
489,4.447916666666667,682.0345204431177,0.0,0.0,-13.389563541666668,-13.389563541666668,-26.779127083333336,-26.779127083333336,-4.327829032730153,-4.327829032730153,-13.463782291666671,-13.463782291666723,-29.27912708333332,-29.279127083333286,0.0,-0.04754637904128652,0.0,-9.90415548810489e-10,0.0,-3.9620662724763615e-09,24.0,24.0,0.0,4.464600156948908e-05
490,4.458333333333333,686.9768237290444,0.0,0.0,-13.420920833333334,-13.420920833333334,-26.841841666666667,-26.841841666666667,-4.332785417207447,-4.332785417207447,-13.59279583333333,-13.592795833333382,-28.84184166666668,-28.841841666666653,0.0,-0.04963973773563107,0.0,-1.0340348143322877e-09,0.0,-4.136519929306511e-09,24.0,24.0,0.0,6.465488712087007e-05
491,4.46875,691.954940981916,0.0,0.0,-13.452278125,-13.452278125,-26.90455625,-26.90455625,-4.33774180168474,-4.33774180168474,-13.721809375,-13.721809375000047,-28.40455625,-28.40455624999997,0.0,-0.05173309642997578,0.0,-1.0776540798540902e-09,0.0,-4.310973586136676e-09,24.0,24.0,0.0,8.466377267225258e-05
492,4.479166666666667,696.9691317244998,0.0,0.0,-13.483635416666669,-13.483635416666669,-26.967270833333338,-26.967270833333338,-4.342698186162034,-4.342698186162034,-13.850822916666672,-13.850822916666717,-27.967270833333323,-27.967270833333295,0.0,-0.0538264551243205,0.0,-1.1212733453758925e-09,0.0,-4.4854272429668404e-09,24.0,24.0,0.0,0.00010467265822363509
493,4.489583333333333,702.0196573601722,0.0,0.0,-13.514992708333333,-13.514992708333333,-27.029985416666666,-27.029985416666666,-4.347654570639328,-4.347654570639328,-13.97983645833333,-13.979836458333374,-27.52998541666668,-27.529985416666655,0.0,-0.05591981381866505,0.0,-1.164892610897691e-09,0.0,-4.659880899796989e-09,24.0,24.0,0.0,0.00012468154377501608
494,4.5,707.1067811865476,0.0,0.0,-13.54635,-13.54635,-27.0927,-27.0927,-4.352610955116622,-4.352610955116622,-14.10885,-14.108850000000041,-27.0927,-27.092699999999976,0.0,-0.05801317251300976,0.0,-1.2085118764194934e-09,0.0,-4.834334556627155e-09,24.0,24.0,0.0,0.0001446904293263986
495,4.510416666666667,712.2307684092017,0.0,0.0,-13.577707291666668,-13.577707291666668,-27.155414583333336,-27.155414583333336,-4.357567339593915,-4.357567339593915,-14.237863541666671,-14.237863541666709,-26.65541458333332,-26.655414583333297,0.0,-0.06010653120735448,0.0,-1.2521311419412957e-09,0.0,-5.008788213457319e-09,24.0,24.0,0.0,0.0001646993148777811
496,4.520833333333333,717.3918861555,0.0,0.0,-13.609064583333332,-13.609064583333332,-27.218129166666664,-27.218129166666664,-4.36252372407121,-4.36252372407121,-14.366877083333328,-14.366877083333364,-26.218129166666678,-26.218129166666657,0.0,-0.06219988990169903,0.0,-1.2957504074630943e-09,0.0,-5.183241870287469e-09,24.0,24.0,0.0,0.0001847082004291621
497,4.53125,722.5904034885233,0.0,0.0,-13.640421875000001,-13.640421875000001,-27.280843750000003,-27.280843750000003,-4.367480108548503,-4.367480108548503,-14.495890625000001,-14.495890625000035,-25.780843750000003,-25.78084374999998,0.0,-0.06429324859604374,0.0,-1.3393696729848966e-09,0.0,-5.357695527117633e-09,24.0,24.0,0.0,0.0002047170859805446
498,4.541666666666667,727.8265914210939,0.0,0.0,-13.671779166666667,-13.671779166666667,-27.343558333333334,-27.343558333333334,-4.372436493025797,-4.372436493025797,-14.62490416666667,-14.6249041666667,-25.34355833333332,-25.3435583333333,0.0,-0.06638660729038845,0.0,-1.3829889385066991e-09,0.0,-5.532149183947798e-09,24.0,24.0,0.0,0.00022472597153192712
499,4.552083333333333,733.1007229299041,0.0,0.0,-13.703136458333333,-13.703136458333333,-27.406272916666666,-27.406272916666666,-4.37739287750309,-4.37739287750309,-14.75391770833333,-14.753917708333358,-24.90627291666668,-24.906272916666666,0.0,-0.06847996598473301,0.0,-1.4266082040284977e-09,0.0,-5.706602840777947e-09,24.0,24.0,0.0,0.0002447348570833081
500,4.5625,738.4130729697497,0.0,0.0,-13.73449375,-13.73449375,-27.4689875,-27.4689875,-4.382349261980384,-4.382349261980384,-14.88293125,-14.882931250000027,-24.4689875,-24.468987499999987,0.0,-0.07057332467907772,0.0,-1.4702274695503e-09,0.0,-5.881056497608113e-09,24.0,24.0,0.0,0.0002647437426346906
501,4.572916666666667,743.7639184878606,0.0,0.0,-13.765851041666668,-13.765851041666668,-27.531702083333336,-27.531702083333336,-4.387305646457678,-4.387305646457678,-15.011944791666672,-15.011944791666695,-24.03170208333332,-24.031702083333307,0.0,-0.07266668337342244,0.0,-1.5138467350721026e-09,0.0,-6.055510154438276e-09,24.0,24.0,0.0,0.00028475262818607313
502,4.583333333333333,749.1535384383407,0.0,0.0,-13.797208333333332,-13.797208333333332,-27.594416666666664,-27.594416666666664,-4.392262030934972,-4.392262030934972,-15.140958333333328,-15.14095833333335,-23.594416666666678,-23.594416666666667,0.0,-0.07476004206776699,0.0,-1.557466000593901e-09,0.0,-6.229963811268425e-09,24.0,24.0,0.0,0.0003047615137374541
503,4.59375,754.5822137967115,0.0,0.0,-13.828565625,-13.828565625,-27.65713125,-27.65713125,-4.397218415412266,-4.397218415412266,-15.269971875,-15.269971875000017,-23.15713125,-23.15713124999999,0.0,-0.0768534007621117,0.0,-1.6010852661157035e-09,0.0,-6.4044174680985916e-09,24.0,24.0,0.0,0.00032477039928883664
504,4.604166666666667,760.0502275745575,0.0,0.0,-13.859922916666667,-13.859922916666667,-27.719845833333334,-27.719845833333334,-4.4021747998895595,-4.4021747998895595,-15.39898541666667,-15.398985416666685,-22.71984583333332,-22.71984583333331,0.0,-0.07894675945645643,0.0,-1.6447045316375056e-09,0.0,-6.578871124928755e-09,24.0,24.0,0.0,0.00034477928484021926
505,4.614583333333333,765.5578648342824,0.0,0.0,-13.891280208333333,-13.891280208333333,-27.782560416666666,-27.782560416666666,-4.407131184366853,-4.407131184366853,-15.52799895833333,-15.527998958333344,-22.28256041666668,-22.282560416666673,0.0,-0.08104011815080096,0.0,-1.6883237971593044e-09,0.0,-6.753324781758905e-09,24.0,24.0,0.0,0.00036478817039160014
506,4.625,771.1054127039704,0.0,0.0,-13.9226375,-13.9226375,-27.845275,-27.845275,-4.4120875688441465,-4.4120875688441465,-15.6570125,-15.657012500000011,-21.845275,-21.845274999999994,0.0,-0.08313347684514567,0.0,-1.7319430626811065e-09,0.0,-6.927778438589069e-09,24.0,24.0,0.0,0.00038479705594298265
507,4.635416666666667,776.6931603923529,0.0,0.0,-13.95399479166667,-13.95399479166667,-27.90798958333334,-27.90798958333334,-4.417043953321441,-4.417043953321441,-15.786026041666673,-15.78602604166668,-21.407989583333325,-21.407989583333322,0.0,-0.0852268355394904,0.0,-1.775562328202909e-09,0.0,-7.102232095419235e-09,24.0,24.0,0.0,0.00040480594149436527
508,4.645833333333333,782.3213992038869,0.0,0.0,-13.985352083333332,-13.985352083333332,-27.970704166666664,-27.970704166666664,-4.4220003377987345,-4.4220003377987345,-15.915039583333328,-15.915039583333336,-20.97070416666668,-20.970704166666675,0.0,-0.08732019423383494,0.0,-1.8191815937247074e-09,0.0,-7.276685752249385e-09,24.0,24.0,0.0,0.00042481482704574615
509,4.65625,787.9904225539433,0.0,0.0,-14.016709375000001,-14.016709375000001,-28.033418750000003,-28.033418750000003,-4.426956722276028,-4.426956722276028,-16.044053125,-16.044053125000005,-20.533418750000003,-20.533418750000003,0.0,-0.08941355292817965,0.0,-1.86280085924651e-09,0.0,-7.451139409079548e-09,24.0,24.0,0.0,0.00044482371259712866
510,4.666666666666667,793.7005259841,0.0,0.0,-14.048066666666667,-14.048066666666667,-28.096133333333334,-28.096133333333334,-4.431913106753322,-4.431913106753322,-16.17306666666667,-16.17306666666667,-20.09613333333332,-20.09613333333332,0.0,-0.09150691162252438,0.0,-1.9064201247683127e-09,0.0,-7.625593065909712e-09,24.0,24.0,0.0,0.0004648325981485113
511,4.677083333333333,799.452007177551,0.0,0.0,-14.079423958333333,-14.079423958333333,-28.158847916666666,-28.158847916666666,-4.436869491230616,-4.436869491230616,-16.30208020833333,-16.30208020833333,-19.65884791666668,-19.658847916666684,0.0,-0.09360027031686892,0.0,-1.950039390290111e-09,0.0,-7.800046722739864e-09,24.0,24.0,0.0,0.00048484148369989217
512,4.6875,805.2451659746272,0.0,0.0,-14.110781250000002,-14.110781250000002,-28.221562500000005,-28.221562500000005,-4.441825875707909,-4.441825875707909,-16.431093750000002,-16.43109375,-19.221562500000005,-19.221562500000008,0.0,-0.09569362901121363,0.0,-1.9936586558119136e-09,0.0,-7.974500379570028e-09,24.0,24.0,0.0,0.0005048503692512747
513,4.697916666666667,811.0803043884243,0.0,0.0,-14.142138541666668,-14.142138541666668,-28.284277083333336,-28.284277083333336,-4.446782260185204,-4.446782260185204,-16.56010729166667,-16.560107291666665,-18.784277083333322,-18.784277083333325,0.0,-0.09778698770555835,0.0,-2.0372779213337155e-09,0.0,-8.148954036400191e-09,24.0,24.0,0.0,0.0005248592548026573
514,4.708333333333333,816.9577266205498,0.0,0.0,-14.173495833333334,-14.173495833333334,-28.346991666666668,-28.346991666666668,-4.4517386446624965,-4.4517386446624965,-16.68912083333333,-16.689120833333323,-18.346991666666682,-18.34699166666669,0.0,-0.0998803463999029,0.0,-2.0808971868555145e-09,0.0,-8.323407693230341e-09,24.0,24.0,0.0,0.0005448681403540382
515,4.71875,822.8777390769825,0.0,0.0,-14.204853125,-14.204853125,-28.40970625,-28.40970625,-4.456695029139791,-4.456695029139791,-16.818134375,-16.81813437499999,-17.90970625,-17.90970625000001,0.0,-0.10197370509424761,0.0,-2.124516452377317e-09,0.0,-8.497861350060507e-09,24.0,24.0,0.0,0.0005648770259054207
516,4.729166666666667,828.8406503840439,0.0,0.0,-14.236210416666669,-14.236210416666669,-28.472420833333338,-28.472420833333338,-4.461651413617084,-4.461651413617084,-16.947147916666673,-16.94714791666666,-17.472420833333324,-17.472420833333334,0.0,-0.10406706378859233,0.0,-2.168135717899119e-09,0.0,-8.672315006890672e-09,24.0,24.0,0.0,0.0005848859114568033
517,4.739583333333333,834.8467714044891,0.0,0.0,-14.267567708333335,-14.267567708333335,-28.53513541666667,-28.53513541666667,-4.466607798094378,-4.466607798094378,-17.07616145833333,-17.076161458333317,-17.035135416666684,-17.035135416666698,0.0,-0.10616042248293688,0.0,-2.2117549834209177e-09,0.0,-8.84676866372082e-09,24.0,24.0,0.0,0.0006048947970081842
518,4.75,840.8964152537145,0.0,0.0,-14.298925,-14.298925,-28.59785,-28.59785,-4.471564182571672,-4.471564182571672,-17.205175,-17.205174999999983,-16.59785,-16.597850000000015,0.0,-0.1082537811772816,0.0,-2.25537424894272e-09,0.0,-9.021222320550985e-09,24.0,24.0,0.0,0.0006249036825595668
519,4.760416666666667,846.989897316078,0.0,0.0,-14.330282291666666,-14.330282291666666,-28.660564583333333,-28.660564583333333,-4.476520567048967,-4.476520567048967,-17.33418854166667,-17.33418854166665,-16.16056458333332,-16.160564583333333,0.0,-0.11034713987162631,0.0,-2.2989935144645223e-09,0.0,-9.195675977381151e-09,24.0,24.0,0.0,0.0006449125681109493
520,4.770833333333333,853.1275352613427,0.0,0.0,-14.361639583333332,-14.361639583333332,-28.723279166666664,-28.723279166666664,-4.48147695152626,-4.48147695152626,-17.46320208333333,-17.463202083333307,-15.723279166666678,-15.723279166666696,0.0,-0.11244049856597085,0.0,-2.342612779986321e-09,0.0,-9.3701296342113e-09,24.0,24.0,0.0,0.0006649214536623302
521,4.78125,859.3096490612389,0.0,0.0,-14.392996875000001,-14.392996875000001,-28.785993750000003,-28.785993750000003,-4.486433336003554,-4.486433336003554,-17.592215625,-17.592215624999977,-15.285993750000003,-15.285993750000024,0.0,-0.11453385726031558,0.0,-2.3862320455081232e-09,0.0,-9.544583291041464e-09,24.0,24.0,0.0,0.0006849303392137128
522,4.791666666666667,865.5365610061432,0.0,0.0,-14.424354166666667,-14.424354166666667,-28.848708333333335,-28.848708333333335,-4.491389720480847,-4.491389720480847,-17.72122916666667,-17.721229166666642,-14.84870833333332,-14.848708333333342,0.0,-0.11662721595466027,0.0,-2.429851311029926e-09,0.0,-9.719036947871628e-09,24.0,24.0,0.0,0.0007049392247650953
523,4.802083333333333,871.8085957218805,0.0,0.0,-14.455711458333333,-14.455711458333333,-28.911422916666666,-28.911422916666666,-4.496346104958141,-4.496346104958141,-17.85024270833333,-17.850242708333298,-14.41142291666668,-14.411422916666702,0.0,-0.11872057464900485,0.0,-2.473470576551724e-09,0.0,-9.893490604701778e-09,24.0,24.0,0.0,0.0007249481103164762
524,4.8125,878.1260801866497,0.0,0.0,-14.487068749999999,-14.487068749999999,-28.974137499999998,-28.974137499999998,-4.501302489435435,-4.501302489435435,-17.97925625,-17.979256249999967,-13.974137499999998,-13.97413750000002,0.0,-0.12081393334334956,0.0,-2.517089842073527e-09,0.0,-1.0067944261531944e-08,24.0,24.0,0.0,0.0007449569958678588
525,4.822916666666667,884.4893437480677,0.0,0.0,-14.518426041666668,-14.518426041666668,-29.036852083333336,-29.036852083333336,-4.506258873912729,-4.506258873912729,-18.10826979166667,-18.108269791666636,-13.536852083333322,-13.536852083333347,0.0,-0.12290729203769427,0.0,-2.5607091075953288e-09,0.0,-1.0242397918362107e-08,24.0,24.0,0.0,0.0007649658814192414
526,4.833333333333333,890.8987181403392,0.0,0.0,-14.549783333333334,-14.549783333333334,-29.099566666666668,-29.099566666666668,-4.511215258390022,-4.511215258390022,-18.23728333333333,-18.237283333333295,-13.099566666666682,-13.099566666666707,0.0,-0.1250006507320388,0.0,-2.604328373117128e-09,0.0,-1.0416851575192257e-08,24.0,24.0,0.0,0.0007849747669706222
527,4.84375,897.3545375015536,0.0,0.0,-14.581140625000002,-14.581140625000002,-29.162281250000003,-29.162281250000003,-4.516171642867317,-4.516171642867317,-18.366296875000003,-18.36629687499996,-12.662281250000003,-12.662281250000031,0.0,-0.12709400942638352,0.0,-2.6479476386389297e-09,0.0,-1.0591305232022421e-08,24.0,24.0,0.0,0.0008049836525220049
528,4.854166666666667,903.8571383911011,0.0,0.0,-14.612497916666669,-14.612497916666669,-29.224995833333338,-29.224995833333338,-4.52112802734461,-4.52112802734461,-18.495310416666673,-18.49531041666663,-12.224995833333324,-12.224995833333356,0.0,-0.12918736812072826,0.0,-2.6915669041607324e-09,0.0,-1.0765758888852588e-08,24.0,24.0,0.0,0.0008249925380733874
529,4.864583333333333,910.4068598072201,0.0,0.0,-14.643855208333333,-14.643855208333333,-29.287710416666666,-29.287710416666666,-4.526084411821904,-4.526084411821904,-18.62432395833333,-18.624323958333285,-11.78771041666668,-11.787710416666712,0.0,-0.1312807268150728,0.0,-2.735186169682531e-09,0.0,-1.0940212545682736e-08,24.0,24.0,0.0,0.0008450014236247682
530,4.875,917.0040432046712,0.0,0.0,-14.6752125,-14.6752125,-29.350425,-29.350425,-4.531040796299198,-4.531040796299198,-18.7533375,-18.75333749999995,-11.350425000000001,-11.350425000000033,0.0,-0.1333740855094175,0.0,-2.7788054352043333e-09,0.0,-1.11146662025129e-08,24.0,24.0,0.0,0.0008650103091761509
531,4.885416666666667,923.6490325125357,0.0,0.0,-14.706569791666668,-14.706569791666668,-29.413139583333336,-29.413139583333336,-4.535997180776492,-4.535997180776492,-18.88235104166667,-18.88235104166662,-10.913139583333322,-10.913139583333358,0.0,-0.13546744420376222,0.0,-2.8224247007261357e-09,0.0,-1.1289119859343065e-08,24.0,24.0,0.0,0.0008850191947275335
532,4.895833333333333,930.3421741521464,0.0,0.0,-14.737927083333334,-14.737927083333334,-29.475854166666668,-29.475854166666668,-4.540953565253785,-4.540953565253785,-19.011364583333332,-19.01136458333328,-10.475854166666682,-10.475854166666718,0.0,-0.13756080289810677,0.0,-2.8660439662479342e-09,0.0,-1.1463573516173216e-08,24.0,24.0,0.0,0.0009050280802789144
533,4.90625,937.08381705515,0.0,0.0,-14.769284375000002,-14.769284375000002,-29.538568750000003,-29.538568750000003,-4.545909949731079,-4.545909949731079,-19.140378125,-19.14037812499995,-10.038568750000003,-10.038568750000042,0.0,-0.13965416159245148,0.0,-2.9096632317697366e-09,0.0,-1.163802717300338e-08,24.0,24.0,0.0,0.0009250369658302968
534,4.916666666666667,943.8743126816936,0.0,0.0,-14.80064166666667,-14.80064166666667,-29.60128333333334,-29.60128333333334,-4.550866334208373,-4.550866334208373,-19.26939166666667,-19.269391666666614,-9.601283333333324,-9.601283333333367,0.0,-0.1417475202867962,0.0,-2.953282497291539e-09,0.0,-1.1812480829833544e-08,24.0,24.0,0.0,0.0009450458513816794
535,4.927083333333333,950.7140150387501,0.0,0.0,-14.831998958333333,-14.831998958333333,-29.663997916666666,-29.663997916666666,-4.555822718685667,-4.555822718685667,-19.39840520833333,-19.398405208333273,-9.16399791666668,-9.163997916666723,0.0,-0.14384087898114076,0.0,-2.9969017628133375e-09,0.0,-1.1986934486663694e-08,24.0,24.0,0.0,0.0009650547369330603
536,4.9375,957.6032806985737,0.0,0.0,-14.86335625,-14.86335625,-29.7267125,-29.7267125,-4.56077910316296,-4.56077910316296,-19.527418750000002,-19.52741874999994,-8.726712500000001,-8.726712500000044,0.0,-0.14593423767548547,0.0,-3.04052102833514e-09,0.0,-1.216138814349386e-08,24.0,24.0,0.0,0.000985063622484443
537,4.947916666666667,964.5424688172869,0.0,0.0,-14.894713541666668,-14.894713541666668,-29.789427083333337,-29.789427083333337,-4.5657354876402545,-4.5657354876402545,-19.656432291666672,-19.656432291666604,-8.289427083333322,-8.289427083333365,0.0,-0.14802759636983018,0.0,-3.084140293856942e-09,0.0,-1.2335841800324023e-08,24.0,24.0,0.0,0.0010050725080358255
538,4.958333333333333,971.5319411536057,0.0,0.0,-14.926070833333334,-14.926070833333334,-29.852141666666668,-29.852141666666668,-4.570691872117547,-4.570691872117547,-19.78544583333333,-19.785445833333263,-7.852141666666682,-7.8521416666667285,0.0,-0.15012095506417472,0.0,-3.127759559378741e-09,0.0,-1.2510295457154173e-08,24.0,24.0,0.0,0.0010250813935872064
539,4.96875,978.5720620877,0.0,0.0,-14.957428125000002,-14.957428125000002,-29.914856250000003,-29.914856250000003,-4.5756482565948415,-4.5756482565948415,-19.914459375,-19.914459374999932,-7.414856250000003,-7.414856250000053,0.0,-0.15221431375851943,0.0,-3.171378824900543e-09,0.0,-1.2684749113984337e-08,24.0,24.0,0.0,0.0010450902791385888
540,4.979166666666667,985.6631986401878,0.0,0.0,-14.98878541666667,-14.98878541666667,-29.97757083333334,-29.97757083333334,-4.580604641072135,-4.580604641072135,-20.043472916666673,-20.0434729166666,-6.977570833333324,-6.977570833333374,0.0,-0.15430767245286417,0.0,-3.2149980904223457e-09,0.0,-1.2859202770814502e-08,24.0,24.0,0.0,0.0010650991646899714
541,4.989583333333333,992.8057204912687,0.0,0.0,-15.020142708333333,-15.020142708333333,-30.040285416666666,-30.040285416666666,-4.5855610255494295,-4.5855610255494295,-20.17248645833333,-20.172486458333253,-6.540285416666681,-6.540285416666734,0.0,-0.1564010311472087,0.0,-3.2586173559441443e-09,0.0,-1.3033656427644651e-08,24.0,24.0,0.0,0.0010851080502413523
542,5.0,1000.0,0.0,0.0,-15.0515,-15.0515,-30.103,-30.103,-4.590517410026723,-4.590517410026723,-20.3015,-20.301499999999923,-6.1030000000000015,-6.103000000000055,0.0,-0.15849438984155342,0.0,-3.3022366214659466e-09,0.0,-1.3208110084474816e-08,24.0,24.0,0.0,0.001105116935792735
543,5.010416666666667,1007.2464122237042,0.0,0.0,-15.082857291666668,-15.082857291666668,-30.165714583333337,-30.165714583333337,-4.583998525549429,-4.583998525549429,-20.211763541666663,-20.21176354166659,-6.665714583333351,-6.665714583333404,0.0,-0.15849434917080213,0.0,-3.3022315541416215e-09,0.0,-1.320810291156398e-08,24.0,23.499999999999986,0.0,0.0010560560128559191
544,5.020833333333333,1014.5453349375235,0.0,0.0,-15.114214583333334,-15.114214583333334,-30.22842916666667,-30.22842916666667,-4.577479641072135,-4.577479641072135,-20.122027083333336,-20.122027083333265,-7.228429166666654,-7.228429166666707,0.0,-0.15849430850005083,0.0,-3.302226486817297e-09,0.0,-1.3208095738653143e-08,24.0,23.000000000000014,0.0,0.0010069950899191079
545,5.03125,1021.8971486541167,0.0,0.0,-15.145571875000002,-15.145571875000002,-30.291143750000003,-30.291143750000003,-4.570960756594841,-4.570960756594841,-20.032290625,-20.032290624999927,-7.791143750000003,-7.791143750000057,0.0,-0.1584942678292995,0.0,-3.3022214194929717e-09,0.0,-1.3208088565742303e-08,24.0,22.5,0.0,0.0009579341669822921
546,5.041666666666667,1029.3022366434923,0.0,0.0,-15.17692916666667,-15.17692916666667,-30.35385833333334,-30.35385833333334,-4.5644418721175475,-4.5644418721175475,-19.942554166666667,-19.942554166666593,-8.353858333333353,-8.353858333333402,0.0,-0.15849422715854822,0.0,-3.302216352168647e-09,0.0,-1.3208081392831467e-08,24.0,21.999999999999986,0.0,0.0009088732440454766
547,5.052083333333333,1036.760984952991,0.0,0.0,-15.208286458333333,-15.208286458333333,-30.416572916666667,-30.416572916666667,-4.5579229876402545,-4.5579229876402545,-19.852817708333337,-19.852817708333266,-8.916572916666652,-8.916572916666702,0.0,-0.15849418648779692,0.0,-3.302211284844322e-09,0.0,-1.320807421992063e-08,24.0,21.500000000000014,0.0,0.0008598123211086651
548,5.0625,1044.2737824274138,0.0,0.0,-15.23964375,-15.23964375,-30.4792875,-30.4792875,-4.551404103162961,-4.551404103162961,-19.76308125,-19.763081249999928,-9.479287500000002,-9.479287500000051,0.0,-0.15849414581704566,0.0,-3.302206217519997e-09,0.0,-1.3208067047009794e-08,24.0,21.0,0.0,0.0008107513981718494
549,5.072916666666667,1051.8410207292895,0.0,0.0,-15.271001041666668,-15.271001041666668,-30.542002083333337,-30.542002083333337,-4.544885218685667,-4.544885218685667,-19.673344791666665,-19.673344791666597,-10.042002083333351,-10.0420020833334,0.0,-0.15849410514629436,0.0,-3.302201150195672e-09,0.0,-1.3208059874098956e-08,24.0,20.499999999999986,0.0,0.0007616904752350336
550,5.083333333333333,1059.4630943592952,0.0,0.0,-15.302358333333334,-15.302358333333334,-30.60471666666667,-30.60471666666667,-4.538366334208373,-4.538366334208373,-19.583608333333338,-19.58360833333327,-10.604716666666654,-10.6047166666667,0.0,-0.15849406447554307,0.0,-3.302196082871347e-09,0.0,-1.3208052701188118e-08,24.0,20.000000000000014,0.0,0.0007126295522982222
551,5.09375,1067.1404006768237,0.0,0.0,-15.333715625000002,-15.333715625000002,-30.667431250000003,-30.667431250000003,-4.531847449731079,-4.531847449731079,-19.493871875000004,-19.493871874999936,-11.167431250000003,-11.16743125000005,0.0,-0.15849402380479174,0.0,-3.3021910155470222e-09,0.0,-1.3208045528277281e-08,24.0,19.5,0.0,0.0006635686293614065
552,5.104166666666667,1074.8733399206967,0.0,0.0,-15.36507291666667,-15.36507291666667,-30.73014583333334,-30.73014583333334,-4.525328565253785,-4.525328565253785,-19.404135416666666,-19.4041354166666,-11.730145833333353,-11.730145833333395,0.0,-0.15849398313404045,0.0,-3.302185948222697e-09,0.0,-1.3208038355366445e-08,24.0,18.999999999999986,0.0,0.000614507706424591
553,5.114583333333333,1082.662315230031,0.0,0.0,-15.396430208333332,-15.396430208333332,-30.792860416666663,-30.792860416666663,-4.518809680776492,-4.518809680776492,-19.314398958333335,-19.31439895833327,-12.292860416666649,-12.292860416666691,0.0,-0.15849394246328916,0.0,-3.3021808808983724e-09,0.0,-1.3208031182455607e-08,24.0,18.500000000000014,0.0,0.0005654467834877795
554,5.125,1090.5077326652577,0.0,0.0,-15.4277875,-15.4277875,-30.855575,-30.855575,-4.512290796299198,-4.512290796299198,-19.2246625,-19.224662499999937,-12.855575000000002,-12.855575000000044,0.0,-0.15849390179253786,0.0,-3.3021758135740473e-09,0.0,-1.320802400954477e-08,24.0,18.0,0.0,0.0005163858605509639
555,5.135416666666667,1098.410001229287,0.0,0.0,-15.459144791666667,-15.459144791666667,-30.918289583333333,-30.918289583333333,-4.5057719118219035,-4.5057719118219035,-19.134926041666663,-19.134926041666603,-13.418289583333348,-13.41828958333339,0.0,-0.15849386112178657,0.0,-3.3021707462497226e-09,0.0,-1.3208016836633934e-08,24.0,17.499999999999986,0.0,0.00046732493761414813
556,5.145833333333333,1106.369532888833,0.0,0.0,-15.490502083333332,-15.490502083333332,-30.981004166666665,-30.981004166666665,-4.4992530273446105,-4.4992530273446105,-19.045189583333336,-19.045189583333276,-13.98100416666665,-13.981004166666693,0.0,-0.15849382045103527,0.0,-3.3021656789253974e-09,0.0,-1.3208009663723096e-08,24.0,17.000000000000014,0.0,0.0004182640146773367
557,5.15625,1114.3867425958924,0.0,0.0,-15.521859375000002,-15.521859375000002,-31.043718750000004,-31.043718750000004,-4.492734142867317,-4.492734142867317,-18.955453125000002,-18.95545312499994,-14.543718750000004,-14.543718750000046,0.0,-0.15849377978028395,0.0,-3.3021606116010723e-09,0.0,-1.3208002490812257e-08,24.0,16.5,0.0,0.000369203091740521
558,5.166666666666667,1122.4620483093731,0.0,0.0,-15.553216666666668,-15.553216666666668,-31.106433333333335,-31.106433333333335,-4.486215258390023,-4.486215258390023,-18.865716666666664,-18.865716666666607,-15.10643333333335,-15.106433333333388,0.0,-0.15849373910953268,0.0,-3.3021555442767476e-09,0.0,-1.3207995317901421e-08,24.0,15.999999999999986,0.0,0.0003201421688037053
559,5.177083333333333,1130.5958710168854,0.0,0.0,-15.584573958333332,-15.584573958333332,-31.169147916666663,-31.169147916666663,-4.479696373912729,-4.479696373912729,-18.775980208333337,-18.775980208333277,-15.669147916666649,-15.669147916666688,0.0,-0.1584936984387814,0.0,-3.3021504769524225e-09,0.0,-1.3207988144990585e-08,24.0,15.500000000000014,0.0,0.00027108124586689385
560,5.1875,1138.7886347566916,0.0,0.0,-15.61593125,-15.61593125,-31.2318625,-31.2318625,-4.473177489435435,-4.473177489435435,-18.68624375,-18.686243749999942,-16.2318625,-16.231862500000037,0.0,-0.1584936577680301,0.0,-3.302145409628098e-09,0.0,-1.3207980972079748e-08,24.0,15.0,0.0,0.00022202032293007826
561,5.197916666666667,1147.040766639808,0.0,0.0,-15.647288541666667,-15.647288541666667,-31.294577083333333,-31.294577083333333,-4.466658604958141,-4.466658604958141,-18.59650729166666,-18.596507291666608,-16.794577083333348,-16.794577083333387,0.0,-0.1584936170972788,0.0,-3.302140342303773e-09,0.0,-1.3207973799168908e-08,24.0,14.499999999999986,0.0,0.00017295939999326256
562,5.208333333333333,1155.3526968722726,0.0,0.0,-15.678645833333333,-15.678645833333333,-31.357291666666665,-31.357291666666665,-4.460139720480848,-4.460139720480848,-18.506770833333334,-18.50677083333328,-17.35729166666665,-17.35729166666669,0.0,-0.15849357642652748,0.0,-3.302135274979448e-09,0.0,-1.3207966626258072e-08,24.0,14.000000000000014,0.0,0.0001238984770564511
563,5.21875,1163.7248587775775,0.0,0.0,-15.710003125,-15.710003125,-31.42000625,-31.42000625,-4.453620836003553,-4.453620836003553,-18.417034375,-18.417034374999947,-17.92000625,-17.920006250000036,0.0,-0.15849353575577618,0.0,-3.302130207655123e-09,0.0,-1.3207959453347235e-08,24.0,13.5,0.0,7.48375541196355e-05
564,5.229166666666667,1172.1576888192517,0.0,0.0,-15.741360416666668,-15.741360416666668,-31.482720833333335,-31.482720833333335,-4.4471019515262595,-4.4471019515262595,-18.327297916666666,-18.327297916666613,-18.48272083333335,-18.48272083333339,0.0,-0.1584934950850249,0.0,-3.3021251403307977e-09,0.0,-1.3207952280436399e-08,24.0,12.999999999999986,0.0,2.57766311828198e-05
565,5.239583333333333,1180.6516266236194,0.0,0.0,-15.772717708333332,-15.772717708333332,-31.545435416666663,-31.545435416666663,-4.4405830670489665,-4.4405830670489665,-18.237561458333335,-18.237561458333285,-19.04543541666665,-19.04543541666668,0.0,-0.1584934544142736,0.0,-3.3021200730064734e-09,0.0,-1.3207945107525562e-08,24.0,12.500000000000014,0.0,-2.328429175399167e-05
566,5.25,1189.2071150027211,0.0,0.0,-15.804075,-15.804075,-31.60815,-31.60815,-4.434064182571672,-4.434064182571672,-18.147824999999997,-18.14782499999995,-19.60815,-19.60815000000003,0.0,-0.1584934137435223,0.0,-3.3021150056821483e-09,0.0,-1.3207937934614723e-08,24.0,12.0,0.0,-7.234521469080726e-05
567,5.260416666666667,1197.8245999773926,0.0,0.0,-15.835432291666669,-15.835432291666669,-31.670864583333337,-31.670864583333337,-4.427545298094378,-4.427545298094378,-18.058088541666663,-18.058088541666617,-20.17086458333335,-20.170864583333383,0.0,-0.158493373072771,0.0,-3.302109938357823e-09,0.0,-1.3207930761703886e-08,24.0,11.499999999999986,0.0,-0.00012140613762762296
568,5.270833333333333,1206.5045308005215,0.0,0.0,-15.866789583333333,-15.866789583333333,-31.733579166666665,-31.733579166666665,-4.421026413617085,-4.421026413617085,-17.968352083333336,-17.96835208333329,-20.73357916666665,-20.733579166666683,0.0,-0.1584933324020197,0.0,-3.302104871033498e-09,0.0,-1.320792358879305e-08,24.0,11.000000000000014,0.0,-0.00017046706056443443
569,5.28125,1215.247359980469,0.0,0.0,-15.898146875,-15.898146875,-31.79629375,-31.79629375,-4.414507529139791,-4.414507529139791,-17.878615625000002,-17.878615624999956,-21.29629375,-21.296293750000032,0.0,-0.15849329173126842,0.0,-3.3020998037091738e-09,0.0,-1.3207916415882213e-08,24.0,10.5,0.0,-0.00021952798350125024
570,5.291666666666667,1224.0535433046555,0.0,0.0,-15.929504166666668,-15.929504166666668,-31.859008333333335,-31.859008333333335,-4.407988644662497,-4.407988644662497,-17.788879166666664,-17.788879166666618,-21.85900833333335,-21.85900833333338,0.0,-0.15849325106051712,0.0,-3.3020947363848486e-09,0.0,-1.3207909242971373e-08,24.0,9.999999999999986,0.0,-0.0002685889064380657
571,5.302083333333333,1232.923539863326,0.0,0.0,-15.960861458333333,-15.960861458333333,-31.921722916666667,-31.921722916666667,-4.401469760185203,-4.401469760185203,-17.699142708333337,-17.699142708333294,-22.421722916666653,-22.42172291666668,0.0,-0.15849321038976583,0.0,-3.3020896690605235e-09,0.0,-1.3207902070060537e-08,24.0,9.500000000000014,0.0,-0.0003176498293748772
572,5.3125,1241.857812073484,0.0,0.0,-15.992218750000001,-15.992218750000001,-31.984437500000002,-31.984437500000002,-4.394950875707909,-4.394950875707909,-17.60940625,-17.60940624999996,-22.984437500000002,-22.98443750000003,0.0,-0.1584931697190145,0.0,-3.3020846017361984e-09,0.0,-1.32078948971497e-08,24.0,9.0,0.0,-0.000366710752311693
573,5.322916666666667,1250.8568257029958,0.0,0.0,-16.02357604166667,-16.02357604166667,-32.04715208333334,-32.04715208333334,-4.388431991230616,-4.388431991230616,-17.519669791666665,-17.519669791666622,-23.54715208333335,-23.54715208333338,0.0,-0.15849312904826324,0.0,-3.3020795344118733e-09,0.0,-1.3207887724238864e-08,24.0,8.499999999999986,0.0,-0.0004157716752485085
574,5.333333333333333,1259.921049894873,0.0,0.0,-16.05493333333333,-16.05493333333333,-32.10986666666666,-32.10986666666666,-4.381913106753323,-4.381913106753323,-17.429933333333334,-17.429933333333295,-24.109866666666647,-24.109866666666676,0.0,-0.15849308837751191,0.0,-3.302074467087549e-09,0.0,-1.3207880551328024e-08,24.0,8.000000000000014,0.0,-0.00046483259818531995
575,5.34375,1269.0509571917332,0.0,0.0,-16.086290625,-16.086290625,-32.17258125,-32.17258125,-4.375394222276029,-4.375394222276029,-17.340196875,-17.34019687499996,-24.67258125,-24.67258125000003,0.0,-0.15849304770676062,0.0,-3.302069399763224e-09,0.0,-1.3207873378417188e-08,24.0,7.5,0.0,-0.0005138935211221358
576,5.354166666666667,1278.2470235604308,0.0,0.0,-16.117647916666666,-16.117647916666666,-32.23529583333333,-32.23529583333333,-4.368875337798734,-4.368875337798734,-17.250460416666662,-17.250460416666623,-25.235295833333346,-25.23529583333337,0.0,-0.15849300703600933,0.0,-3.3020643324388987e-09,0.0,-1.3207866205506351e-08,24.0,6.999999999999986,0.0,-0.0005629544440589512
577,5.364583333333333,1287.5097284168717,0.0,0.0,-16.14900520833333,-16.14900520833333,-32.29801041666666,-32.29801041666666,-4.362356453321441,-4.362356453321441,-17.160723958333335,-17.1607239583333,-25.79801041666665,-25.798010416666674,0.0,-0.15849296636525803,0.0,-3.3020592651145736e-09,0.0,-1.3207859032595515e-08,24.0,6.500000000000014,0.0,-0.0006120153669957627
578,5.375,1296.8395546510096,0.0,0.0,-16.1803625,-16.1803625,-32.360725,-32.360725,-4.355837568844147,-4.355837568844147,-17.0709875,-17.070987499999966,-26.360725000000002,-26.360725000000027,0.0,-0.15849292569450674,0.0,-3.302054197790249e-09,0.0,-1.3207851859684677e-08,24.0,6.0,0.0,-0.0006610762899325785
579,5.385416666666667,1306.2369886520157,0.0,0.0,-16.211719791666667,-16.211719791666667,-32.423439583333334,-32.423439583333334,-4.349318684366853,-4.349318684366853,-16.981251041666663,-16.98125104166663,-26.923439583333348,-26.92343958333337,0.0,-0.15849288502375544,0.0,-3.302049130465924e-09,0.0,-1.3207844686773839e-08,24.0,5.499999999999986,0.0,-0.000710137212869394
580,5.395833333333333,1315.7025203336375,0.0,0.0,-16.243077083333333,-16.243077083333333,-32.486154166666665,-32.486154166666665,-4.34279979988956,-4.34279979988956,-16.891514583333336,-16.891514583333304,-27.48615416666665,-27.486154166666672,0.0,-0.15849284435300415,0.0,-3.302044063141599e-09,0.0,-1.3207837513863002e-08,24.0,5.000000000000014,0.0,-0.0007591981358062055
581,5.40625,1325.2366431597413,0.0,0.0,-16.274434375,-16.274434375,-32.54886875,-32.54886875,-4.3362809154122655,-4.3362809154122655,-16.801778125,-16.801778124999966,-28.048868749999997,-28.04886875000002,0.0,-0.15849280368225283,0.0,-3.3020389958172744e-09,0.0,-1.3207830340952166e-08,24.0,4.5,0.0,-0.0008082590587430213
582,5.416666666666667,1334.8398541700346,0.0,0.0,-16.305791666666668,-16.305791666666668,-32.611583333333336,-32.611583333333336,-4.329762030934972,-4.329762030934972,-16.712041666666664,-16.712041666666632,-28.61158333333335,-28.61158333333337,0.0,-0.15849276301150156,0.0,-3.3020339284929493e-09,0.0,-1.3207823168041328e-08,24.0,3.999999999999986,0.0,-0.0008573199816798368
583,5.427083333333333,1344.512654005979,0.0,0.0,-16.337148958333334,-16.337148958333334,-32.67429791666667,-32.67429791666667,-4.323243146457678,-4.323243146457678,-16.622305208333337,-16.62230520833331,-29.174297916666653,-29.174297916666674,0.0,-0.15849272234075026,0.0,-3.3020288611686245e-09,0.0,-1.3207815995130491e-08,24.0,3.500000000000014,0.0,-0.0009063809046166483
584,5.4375,1354.2555469368926,0.0,0.0,-16.36850625,-16.36850625,-32.7370125,-32.7370125,-4.316724261980385,-4.316724261980385,-16.53256875,-16.53256874999997,-29.7370125,-29.73701250000002,0.0,-0.15849268166999897,0.0,-3.3020237938442994e-09,0.0,-1.3207808822219653e-08,24.0,3.0,0.0,-0.000955441827553464
585,5.447916666666667,1364.0690408862354,0.0,0.0,-16.39986354166667,-16.39986354166667,-32.79972708333334,-32.79972708333334,-4.31020537750309,-4.31020537750309,-16.442832291666665,-16.442832291666637,-30.29972708333335,-30.299727083333373,0.0,-0.15849264099924765,0.0,-3.3020187265199743e-09,0.0,-1.3207801649308817e-08,24.0,2.499999999999986,0.0,-0.0010045027504902795
586,5.458333333333333,1373.9536474580889,0.0,0.0,-16.43122083333333,-16.43122083333333,-32.86244166666666,-32.86244166666666,-4.303686493025797,-4.303686493025797,-16.353095833333334,-16.35309583333331,-30.862441666666648,-30.862441666666665,0.0,-0.15849260032849635,0.0,-3.3020136591956496e-09,0.0,-1.320779447639798e-08,24.0,2.000000000000014,0.0,-0.001053563673427091
587,5.46875,1383.909881963832,0.0,0.0,-16.462578125,-16.462578125,-32.92515625,-32.92515625,-4.297167608548503,-4.297167608548503,-16.263359375,-16.263359374999975,-31.42515625,-31.425156250000015,0.0,-0.15849255965774506,0.0,-3.3020085918713245e-09,0.0,-1.3207787303487142e-08,24.0,1.5,0.0,-0.0011026245963639068
588,5.479166666666667,1393.9382634489996,0.0,0.0,-16.493935416666666,-16.493935416666666,-32.98787083333333,-32.98787083333333,-4.290648724071209,-4.290648724071209,-16.173622916666663,-16.173622916666638,-31.987870833333346,-31.98787083333336,0.0,-0.1584925189869938,0.0,-3.3020035245469998e-09,0.0,-1.3207780130576305e-08,24.0,0.9999999999999858,0.0,-0.0011516855193007226
589,5.489583333333333,1404.0393147203445,0.0,0.0,-16.525292708333332,-16.525292708333332,-33.050585416666664,-33.050585416666664,-4.284129839593915,-4.284129839593915,-16.083886458333335,-16.083886458333314,-32.55058541666665,-32.550585416666664,0.0,-0.15849247831624247,0.0,-3.3019984572226746e-09,0.0,-1.3207772957665467e-08,24.0,0.5000000000000142,0.0,-0.0012007464422375339
590,5.5,1414.213562373095,0.0,0.0,-16.556649999999998,-16.556649999999998,-33.113299999999995,-33.113299999999995,-4.2776109551166215,-4.2776109551166215,-15.994149999999998,-15.994149999999976,-33.113299999999995,-33.11330000000001,-24.0,-0.15849243764549117,-5e-07,-3.3019933898983495e-09,-2e-06,-1.3207765784754631e-08,-24.0,0.0,0.0,-0.0012498073651743494
591,5.510416666666667,1424.4615368184034,0.0,0.0,-16.588007291666667,-16.588007291666667,-33.176014583333334,-33.176014583333334,-4.271092070639328,-4.271092070639328,-15.904413541666663,-15.904413541666644,-33.67601458333335,-33.67601458333336,0.0,-0.15849239697473988,0.0,-3.301988322574025e-09,0.0,-1.3207758611843794e-08,-24.0,-0.5000000000000142,0.0,-0.0012988682881111652
592,5.520833333333333,1434.783772311,0.0,0.0,-16.619364583333333,-16.619364583333333,-33.238729166666666,-33.238729166666666,-4.264573186162034,-4.264573186162034,-15.814677083333336,-15.814677083333317,-34.23872916666665,-34.238729166666666,0.0,-0.15849235630398856,0.0,-3.3019832552497e-09,0.0,-1.3207751438932956e-08,-24.0,-0.9999999999999858,0.0,-0.0013479292110479767
593,5.53125,1445.1808069770466,0.0,0.0,-16.650721875,-16.650721875,-33.30144375,-33.30144375,-4.258054301684741,-4.258054301684741,-15.724940624999999,-15.72494062499998,-34.80144375,-34.80144375000001,0.0,-0.1584923156332373,0.0,-3.301978187925375e-09,0.0,-1.320774426602212e-08,-24.0,-1.5,0.0,-0.0013969901339847923
594,5.541666666666667,1455.6531828421878,0.0,0.0,-16.682079166666668,-16.682079166666668,-33.364158333333336,-33.364158333333336,-4.251535417207446,-4.251535417207446,-15.635204166666664,-15.635204166666648,-35.36415833333335,-35.364158333333364,0.0,-0.158492274962486,0.0,-3.30197312060105e-09,0.0,-1.3207737093111282e-08,-24.0,-2.000000000000014,0.0,-0.001446051056921608
595,5.552083333333333,1466.2014458598082,0.0,0.0,-16.713436458333334,-16.713436458333334,-33.42687291666667,-33.42687291666667,-4.245016532730153,-4.245016532730153,-15.545467708333337,-15.545467708333321,-35.92687291666665,-35.92687291666666,0.0,-0.1584922342917347,0.0,-3.3019680532767247e-09,0.0,-1.3207729920200445e-08,-24.0,-2.499999999999986,0.0,-0.0014951119798584196
596,5.5625,1476.8261459394994,0.0,0.0,-16.74479375,-16.74479375,-33.4895875,-33.4895875,-4.238497648252859,-4.238497648252859,-15.45573125,-15.455731249999985,-36.4895875,-36.489587500000006,0.0,-0.15849219362098338,0.0,-3.3019629859524e-09,0.0,-1.3207722747289609e-08,-24.0,-3.0,0.0,-0.0015441729027952352
597,5.572916666666667,1487.5278369757211,0.0,0.0,-16.776151041666665,-16.776151041666665,-33.55230208333333,-33.55230208333333,-4.231978763775565,-4.231978763775565,-15.365994791666662,-15.365994791666648,-37.052302083333345,-37.05230208333335,0.0,-0.15849215295023208,0.0,-3.3019579186280753e-09,0.0,-1.320771557437877e-08,-24.0,-3.500000000000014,0.0,-0.0015932338257320505
598,5.583333333333333,1498.3070768766813,0.0,0.0,-16.80750833333333,-16.80750833333333,-33.61501666666666,-33.61501666666666,-4.225459879298271,-4.225459879298271,-15.276258333333335,-15.276258333333322,-37.61501666666665,-37.615016666666655,0.0,-0.1584921122794808,0.0,-3.3019528513037502e-09,0.0,-1.3207708401467932e-08,-24.0,-3.999999999999986,0.0,-0.0016422947486688625
599,5.59375,1509.164427593423,0.0,0.0,-16.838865625,-16.838865625,-33.67773125,-33.67773125,-4.2189409948209775,-4.2189409948209775,-15.186521875,-15.18652187499999,-38.17773125,-38.17773125000001,0.0,-0.15849207160872952,0.0,-3.301947783979425e-09,0.0,-1.3207701228557096e-08,-24.0,-4.5,0.0,-0.001691355671605678
600,5.604166666666667,1520.100455149115,0.0,0.0,-16.870222916666666,-16.870222916666666,-33.74044583333333,-33.74044583333333,-4.212422110343684,-4.212422110343684,-15.096785416666663,-15.096785416666654,-38.74044583333335,-38.740445833333354,0.0,-0.1584920309379782,0.0,-3.3019427166551e-09,0.0,-1.320769405564626e-08,-24.0,-5.000000000000014,0.0,-0.0017404165945424934
601,5.614583333333333,1531.1157296685649,0.0,0.0,-16.901580208333332,-16.901580208333332,-33.803160416666664,-33.803160416666664,-4.205903225866391,-4.205903225866391,-15.007048958333336,-15.007048958333327,-39.30316041666665,-39.30316041666666,0.0,-0.1584919902672269,0.0,-3.3019376493307753e-09,0.0,-1.3207686882735421e-08,-24.0,-5.499999999999986,0.0,-0.001789477517479305
602,5.625,1542.2108254079408,0.0,0.0,-16.9329375,-16.9329375,-33.865875,-33.865875,-4.199384341389097,-4.199384341389097,-14.917312500000001,-14.917312499999994,-39.865875,-39.865875,0.0,-0.1584919495964756,0.0,-3.3019325820064506e-09,0.0,-1.3207679709824583e-08,-24.0,-6.0,0.0,-0.001838538440416121
603,5.635416666666667,1553.3863207847057,0.0,0.0,-16.964294791666667,-16.964294791666667,-33.928589583333334,-33.928589583333334,-4.192865456911802,-4.192865456911802,-14.827576041666664,-14.827576041666658,-40.42858958333335,-40.42858958333335,0.0,-0.15849190892572432,0.0,-3.3019275146821254e-09,0.0,-1.3207672536913747e-08,-24.0,-6.500000000000014,0.0,-0.001887599363352936
604,5.645833333333333,1564.6427984077739,0.0,0.0,-16.995652083333333,-16.995652083333333,-33.991304166666666,-33.991304166666666,-4.186346572434509,-4.186346572434509,-14.737839583333336,-14.737839583333331,-40.99130416666665,-40.99130416666665,0.0,-0.15849186825497302,0.0,-3.3019224473578003e-09,0.0,-1.320766536400291e-08,-24.0,-6.999999999999986,0.0,-0.0019366602862897478
605,5.65625,1575.9808451078866,0.0,0.0,-17.027009375,-17.027009375,-34.05401875,-34.05401875,-4.179827687957215,-4.179827687957215,-14.648103124999999,-14.648103124999995,-41.55401875,-41.55401875,0.0,-0.15849182758422173,0.0,-3.3019173800334756e-09,0.0,-1.3207658191092074e-08,-24.0,-7.5,0.0,-0.0019857212092265638
606,5.666666666666667,1587.4010519682,0.0,0.0,-17.058366666666664,-17.058366666666664,-34.11673333333333,-34.11673333333333,-4.173308803479921,-4.173308803479921,-14.558366666666661,-14.558366666666657,-42.11673333333334,-42.11673333333334,0.0,-0.15849178691347043,0.0,-3.301912312709151e-09,0.0,-1.3207651018181234e-08,-24.0,-8.000000000000014,0.0,-0.002034782132163379
607,5.677083333333333,1598.904014355102,0.0,0.0,-17.08972395833333,-17.08972395833333,-34.17944791666666,-34.17944791666666,-4.166789919002628,-4.166789919002628,-14.468630208333334,-14.468630208333334,-42.679447916666646,-42.679447916666646,0.0,-0.1584917462427191,0.0,-3.3019072453848258e-09,0.0,-1.3207643845270398e-08,-24.0,-8.499999999999986,0.0,-0.0020838430551001906
608,5.6875,1610.4903319492544,0.0,0.0,-17.12108125,-17.12108125,-34.2421625,-34.2421625,-4.1602710345253335,-4.1602710345253335,-14.37889375,-14.37889375,-43.2421625,-43.2421625,0.0,-0.15849170557196782,0.0,-3.3019021780605007e-09,0.0,-1.3207636672359561e-08,-24.0,-9.0,0.0,-0.002132903978037006
609,5.697916666666667,1622.1606087768487,0.0,0.0,-17.152438541666665,-17.152438541666665,-34.30487708333333,-34.30487708333333,-4.15375215004804,-4.15375215004804,-14.289157291666662,-14.289157291666662,-43.804877083333345,-43.804877083333345,0.0,-0.15849166490121652,0.0,-3.3018971107361755e-09,0.0,-1.3207629499448725e-08,-24.0,-9.500000000000014,0.0,-0.002181964900973822
610,5.708333333333333,1633.9154532410996,0.0,0.0,-17.18379583333333,-17.18379583333333,-34.36759166666666,-34.36759166666666,-4.147233265570746,-4.147233265570746,-14.199420833333335,-14.199420833333336,-44.36759166666665,-44.36759166666665,0.0,-0.15849162423046526,0.0,-3.301892043411851e-09,0.0,-1.3207622326537888e-08,-24.0,-9.999999999999986,0.0,-0.0022310258239106335
611,5.71875,1645.755478153965,0.0,0.0,-17.215153125,-17.215153125,-34.43030625,-34.43030625,-4.140714381093452,-4.140714381093452,-14.109684375,-14.109684375000004,-44.93030625,-44.93030625,0.0,-0.15849158355971393,0.0,-3.301886976087526e-09,0.0,-1.3207615153627048e-08,-24.0,-10.5,0.0,-0.002280086746847449
612,5.729166666666667,1657.6813007680878,0.0,0.0,-17.246510416666666,-17.246510416666666,-34.49302083333333,-34.49302083333333,-4.134195496616158,-4.134195496616158,-14.019947916666663,-14.019947916666666,-45.49302083333335,-45.49302083333335,0.0,-0.15849154288896264,0.0,-3.301881908763201e-09,0.0,-1.3207607980716212e-08,-24.0,-11.000000000000014,0.0,-0.0023291476697842647
613,5.739583333333333,1669.6935428089782,0.0,0.0,-17.277867708333332,-17.277867708333332,-34.555735416666664,-34.555735416666664,-4.127676612138865,-4.127676612138865,-13.930211458333336,-13.930211458333341,-46.05573541666665,-46.05573541666665,0.0,-0.15849150221821134,0.0,-3.301876841438876e-09,0.0,-1.3207600807805376e-08,-24.0,-11.499999999999986,0.0,-0.002378208592721076
614,5.75,1681.792830507429,0.0,0.0,-17.309224999999998,-17.309224999999998,-34.618449999999996,-34.618449999999996,-4.121157727661571,-4.121157727661571,-13.840474999999998,-13.840475000000005,-46.618449999999996,-46.618449999999996,0.0,-0.15849146154746005,0.0,-3.3018717741145516e-09,0.0,-1.3207593634894539e-08,-24.0,-12.0,0.0,-0.002427269515657892
615,5.760416666666667,1693.979794632156,0.0,0.0,-17.340582291666667,-17.340582291666667,-34.681164583333334,-34.681164583333334,-4.114638843184277,-4.114638843184277,-13.750738541666664,-13.750738541666673,-47.18116458333335,-47.18116458333334,0.0,-0.15849142087670876,0.0,-3.3018667067902265e-09,0.0,-1.3207586461983703e-08,-24.0,-12.500000000000014,0.0,-0.0024763304385947075
616,5.770833333333333,1706.2550705226854,0.0,0.0,-17.37193958333333,-17.37193958333333,-34.74387916666666,-34.74387916666666,-4.108119958706983,-4.108119958706983,-13.661002083333333,-13.661002083333342,-47.743879166666645,-47.74387916666664,0.0,-0.15849138020595746,0.0,-3.3018616394659018e-09,0.0,-1.3207579289072863e-08,-24.0,-12.999999999999986,0.0,-0.002525391361531519
617,5.78125,1718.6192981224779,0.0,0.0,-17.403296875,-17.403296875,-34.80659375,-34.80659375,-4.10160107422969,-4.10160107422969,-13.571265624999999,-13.57126562500001,-48.30659375,-48.30659374999999,0.0,-0.15849133953520617,0.0,-3.3018565721415766e-09,0.0,-1.3207572116162026e-08,-24.0,-13.5,0.0,-0.002574452284468335
618,5.791666666666667,1731.0731220122864,0.0,0.0,-17.434654166666668,-17.434654166666668,-34.869308333333336,-34.869308333333336,-4.095082189752396,-4.095082189752396,-13.481529166666665,-13.481529166666675,-48.86930833333335,-48.869308333333336,0.0,-0.15849129886445484,0.0,-3.301851504817252e-09,0.0,-1.320756494325119e-08,-24.0,-14.000000000000014,0.0,-0.0026235132074051504
619,5.802083333333333,1743.617191443761,0.0,0.0,-17.46601145833333,-17.46601145833333,-34.93202291666666,-34.93202291666666,-4.088563305275103,-4.088563305275103,-13.391792708333334,-13.391792708333346,-49.43202291666665,-49.43202291666664,0.0,-0.15849125819370358,0.0,-3.301846437492927e-09,0.0,-1.3207557770340353e-08,-24.0,-14.499999999999986,0.0,-0.0026725741303419617
620,5.8125,1756.2521603732994,0.0,0.0,-17.49736875,-17.49736875,-34.9947375,-34.9947375,-4.082044420797809,-4.082044420797809,-13.30205625,-13.302056250000014,-49.9947375,-49.994737499999985,0.0,-0.15849121752295225,0.0,-3.3018413701686017e-09,0.0,-1.3207550597429515e-08,-24.0,-15.0,0.0,-0.0027216350532787772
621,5.822916666666667,1768.9786874961353,0.0,0.0,-17.528726041666665,-17.528726041666665,-35.05745208333333,-35.05745208333333,-4.075525536320514,-4.075525536320514,-13.212319791666662,-13.212319791666676,-50.557452083333345,-50.55745208333333,0.0,-0.15849117685220096,0.0,-3.301836302844277e-09,0.0,-1.3207543424518677e-08,-24.0,-15.500000000000014,0.0,-0.0027706959762155933
622,5.833333333333333,1781.7974362806783,0.0,0.0,-17.56008333333333,-17.56008333333333,-35.12016666666666,-35.12016666666666,-4.069006651843221,-4.069006651843221,-13.122583333333335,-13.12258333333335,-51.12016666666665,-51.120166666666634,0.0,-0.15849113618144967,0.0,-3.301831235519952e-09,0.0,-1.320753625160784e-08,-24.0,-15.999999999999986,0.0,-0.0028197568991524045
623,5.84375,1794.7090750031073,0.0,0.0,-17.591440625,-17.591440625,-35.18288125,-35.18288125,-4.062487767365927,-4.062487767365927,-13.032846875,-13.032846875000018,-51.68288125,-51.68288124999999,0.0,-0.1584910955106984,0.0,-3.301826168195627e-09,0.0,-1.3207529078697004e-08,-24.0,-16.5,0.0,-0.00286881782208922
624,5.854166666666667,1807.7142767822022,0.0,0.0,-17.622797916666666,-17.622797916666666,-35.24559583333333,-35.24559583333333,-4.055968882888633,-4.055968882888633,-12.943110416666663,-12.94311041666668,-52.24559583333335,-52.24559583333333,0.0,-0.15849105483994708,0.0,-3.301821100871302e-09,0.0,-1.3207521905786166e-08,-24.0,-17.000000000000014,0.0,-0.002917878745026036
625,5.864583333333333,1820.8137196144403,0.0,0.0,-17.654155208333332,-17.654155208333332,-35.308310416666664,-35.308310416666664,-4.0494499984113395,-4.0494499984113395,-12.853373958333336,-12.853373958333355,-52.80831041666665,-52.808310416666636,0.0,-0.15849101416919578,0.0,-3.301816033546977e-09,0.0,-1.320751473287533e-08,-24.0,-17.499999999999986,0.0,-0.0029669396679628474
626,5.875,1834.0080864093425,0.0,0.0,-17.685512499999998,-17.685512499999998,-35.371024999999996,-35.371024999999996,-4.042931113934046,-4.042931113934046,-12.763637499999998,-12.76363750000002,-53.371024999999996,-53.37102499999998,0.0,-0.1584909734984445,0.0,-3.301810966222652e-09,0.0,-1.3207507559964492e-08,-24.0,-18.0,0.0,-0.003016000590899663
627,5.885416666666667,1847.2980650250713,0.0,0.0,-17.716869791666664,-17.716869791666664,-35.43373958333333,-35.43373958333333,-4.036412229456752,-4.036412229456752,-12.67390104166666,-12.673901041666682,-53.93373958333334,-53.93373958333333,0.0,-0.1584909328276932,0.0,-3.301805898898327e-09,0.0,-1.3207500387053655e-08,-24.0,-18.500000000000014,0.0,-0.0030650615138364786
628,5.895833333333333,1860.6843483042928,0.0,0.0,-17.748227083333333,-17.748227083333333,-35.496454166666666,-35.496454166666666,-4.029893344979459,-4.029893344979459,-12.584164583333337,-12.58416458333336,-54.49645416666665,-54.49645416666664,0.0,-0.1584908921569419,0.0,-3.3018008315740024e-09,0.0,-1.3207493214142817e-08,-24.0,-18.999999999999986,0.0,-0.00311412243677329
629,5.90625,1874.1676341103,0.0,0.0,-17.779584375,-17.779584375,-35.55916875,-35.55916875,-4.023374460502164,-4.023374460502164,-12.494428124999999,-12.494428125000024,-55.05916875,-55.059168749999984,0.0,-0.1584908514861906,0.0,-3.3017957642496773e-09,0.0,-1.320748604123198e-08,-24.0,-19.5,0.0,-0.003163183359710106
630,5.916666666666667,1887.7486253633872,0.0,0.0,-17.81094166666667,-17.81094166666667,-35.62188333333334,-35.62188333333334,-4.01685557602487,-4.01685557602487,-12.404691666666665,-12.40469166666669,-55.62188333333335,-55.62188333333333,0.0,-0.15849081081543928,0.0,-3.301790696925352e-09,0.0,-1.3207478868321144e-08,-24.0,-20.000000000000014,0.0,-0.0032122442826469214
631,5.927083333333333,1901.4280300775001,0.0,0.0,-17.84229895833333,-17.84229895833333,-35.68459791666666,-35.68459791666666,-4.010336691547577,-4.010336691547577,-12.314955208333334,-12.314955208333359,-56.18459791666665,-56.18459791666663,0.0,-0.158490770144688,0.0,-3.3017856296010274e-09,0.0,-1.3207471695410306e-08,-24.0,-20.499999999999986,0.0,-0.0032613052055837327
632,5.9375,1915.2065613971474,0.0,0.0,-17.873656249999996,-17.873656249999996,-35.74731249999999,-35.74731249999999,-4.003817807070283,-4.003817807070283,-12.225218749999996,-12.225218750000025,-56.74731249999999,-56.74731249999997,0.0,-0.1584907294739367,0.0,-3.3017805622767023e-09,0.0,-1.3207464522499468e-08,-24.0,-21.0,0.0,-0.0033103661285205483
633,5.947916666666667,1929.0849376345739,0.0,0.0,-17.905013541666666,-17.905013541666666,-35.81002708333333,-35.81002708333333,-3.997298922592989,-3.997298922592989,-12.135482291666662,-12.13548229166669,-57.310027083333345,-57.310027083333324,0.0,-0.15849068880318543,0.0,-3.3017754949523776e-09,0.0,-1.3207457349588631e-08,-24.0,-21.500000000000014,0.0,-0.0033594270514573643
634,5.958333333333333,1943.0638823072113,0.0,0.0,-17.93637083333333,-17.93637083333333,-35.87274166666666,-35.87274166666666,-3.9907800381156955,-3.9907800381156955,-12.045745833333335,-12.045745833333363,-57.87274166666665,-57.87274166666663,0.0,-0.15849064813243413,0.0,-3.3017704276280525e-09,0.0,-1.3207450176677795e-08,-24.0,-21.999999999999986,0.0,-0.0034084879743941756
635,5.96875,1957.1441241754,0.0,0.0,-17.967728125,-17.967728125,-35.93545625,-35.93545625,-3.9842611536384016,-3.9842611536384016,-11.956009375,-11.956009375000033,-58.43545625,-58.43545624999997,0.0,-0.15849060746168284,0.0,-3.3017653603037278e-09,0.0,-1.3207443003766958e-08,-24.0,-22.5,0.0,-0.003457548897330991
636,5.979166666666667,1971.3263972803757,0.0,0.0,-17.999085416666667,-17.999085416666667,-35.99817083333333,-35.99817083333333,-3.9777422691611077,-3.9777422691611077,-11.866272916666663,-11.866272916666695,-58.99817083333335,-58.99817083333332,0.0,-0.15849056679093151,0.0,-3.3017602929794026e-09,0.0,-1.3207435830856119e-08,-24.0,-23.000000000000014,0.0,-0.003506609820267807
637,5.989583333333333,1985.6114409825375,0.0,0.0,-18.03044270833333,-18.03044270833333,-36.06088541666666,-36.06088541666666,-3.9712233846838143,-3.9712233846838143,-11.776536458333332,-11.776536458333366,-59.56088541666664,-59.56088541666662,0.0,-0.15849052612018022,0.0,-3.301755225655078e-09,0.0,-1.3207428657945282e-08,-24.0,-23.499999999999986,0.0,-0.0035556707432046184
638,6.0,2000.0,0.0,0.0,-18.061799999999998,-18.061799999999998,-36.123599999999996,-36.123599999999996,-3.9647045002065204,-3.9647045002065204,-11.686799999999998,-11.686800000000034,-60.123599999999996,-60.12359999999997,0.0,-0.15849048544942893,0.0,-3.301750158330753e-09,0.0,-1.3207421485034446e-08,-24.0,-24.0,0.0,-0.003604731666141434
639,6.010416666666667,2014.4928244474083,0.0,0.0,-18.093157291666664,-18.093157291666664,-36.18631458333333,-36.18631458333333,-3.95092755374817,-3.95092755374817,-11.862688541666667,-11.862688541666703,-59.68631458333331,-59.686314583333285,0.0,-0.15639728943808812,0.0,-3.258143917034049e-09,0.0,-1.3032990247977955e-08,-24.0,-24.0,0.0,-0.0034284968599439386
640,6.020833333333333,2029.090669875047,0.0,0.0,-18.124514583333333,-18.124514583333333,-36.249029166666666,-36.249029166666666,-3.9371506072898206,-3.9371506072898206,-12.03857708333333,-12.038577083333362,-59.24902916666668,-59.24902916666666,0.0,-0.1543040934267475,0.0,-3.214537675737349e-09,0.0,-1.2858559010921479e-08,-24.0,-24.0,0.0,-0.0032522620537464584
641,6.03125,2043.7942973082334,0.0,0.0,-18.155871875,-18.155871875,-36.31174375,-36.31174375,-3.92337366083147,-3.92337366083147,-12.214465624999999,-12.214465625000033,-58.81174375,-58.81174374999998,0.0,-0.1522108974154067,0.0,-3.170931434440645e-09,0.0,-1.268412777386499e-08,-24.0,-24.0,0.0,-0.0030760272475489625
642,6.041666666666667,2058.6044732869846,0.0,0.0,-18.18722916666667,-18.18722916666667,-36.37445833333334,-36.37445833333334,-3.90959671437312,-3.90959671437312,-12.390354166666672,-12.390354166666704,-58.37445833333332,-58.374458333333294,0.0,-0.15011770140406588,0.0,-3.1273251931439407e-09,0.0,-1.2509696536808498e-08,-24.0,-24.0,0.0,-0.002899792441351467
643,6.052083333333333,2073.521969905982,0.0,0.0,-18.21858645833333,-18.21858645833333,-36.43717291666666,-36.43717291666666,-3.895819767914771,-3.895819767914771,-12.566242708333327,-12.566242708333359,-57.937172916666675,-57.937172916666654,0.0,-0.14802450539272524,0.0,-3.0837189518472406e-09,0.0,-1.2335265299752022e-08,-24.0,-24.0,0.0,-0.002723557635153987
644,6.0625,2088.5475648548277,0.0,0.0,-18.249943749999996,-18.249943749999996,-36.49988749999999,-36.49988749999999,-3.8820428214564204,-3.8820428214564204,-12.742131249999996,-12.742131250000028,-57.49988749999999,-57.49988749999997,0.0,-0.1459313093813844,0.0,-3.0401127105505367e-09,0.0,-1.2160834062695533e-08,-24.0,-24.0,0.0,-0.0025473228289564914
645,6.072916666666667,2103.682041458579,0.0,0.0,-18.281301041666666,-18.281301041666666,-36.56260208333333,-36.56260208333333,-3.8682658749980696,-3.8682658749980696,-12.91801979166667,-12.918019791666701,-57.06260208333332,-57.062602083333296,0.0,-0.1438381133700436,0.0,-2.996506469253833e-09,0.0,-1.1986402825639042e-08,-24.0,-24.0,0.0,-0.0023710880227589956
646,6.083333333333333,2118.9261887185903,0.0,0.0,-18.31265833333333,-18.31265833333333,-36.62531666666666,-36.62531666666666,-3.8544889285397206,-3.8544889285397206,-13.093908333333328,-13.093908333333358,-56.62531666666668,-56.625316666666656,0.0,-0.14174491735870298,0.0,-2.9529002279571327e-09,0.0,-1.1811971588582568e-08,-24.0,-24.0,0.0,-0.0021948532165615153
647,6.09375,2134.2808013536473,0.0,0.0,-18.344015625,-18.344015625,-36.68803125,-36.68803125,-3.84071198208137,-3.84071198208137,-13.269796875,-13.269796875000031,-56.18803125,-56.18803124999998,0.0,-0.13965172134736217,0.0,-2.909293986660429e-09,0.0,-1.1637540351526077e-08,-24.0,-24.0,0.0,-0.00201861841036402
648,6.104166666666667,2149.7466798413934,0.0,0.0,-18.375372916666667,-18.375372916666667,-36.75074583333333,-36.75074583333333,-3.8269350356230203,-3.8269350356230203,-13.44568541666667,-13.4456854166667,-55.75074583333332,-55.7507458333333,0.0,-0.13755852533602136,0.0,-2.8656877453637246e-09,0.0,-1.1463109114469586e-08,-24.0,-24.0,0.0,-0.0018423836041665243
649,6.114583333333333,2165.324630460062,0.0,0.0,-18.40673020833333,-18.40673020833333,-36.81346041666666,-36.81346041666666,-3.813158089164671,-3.813158089164671,-13.621573958333325,-13.621573958333354,-55.31346041666667,-55.31346041666665,0.0,-0.13546532932468075,0.0,-2.8220815040670245e-09,0.0,-1.128867787741311e-08,-24.0,-24.0,0.0,-0.001666148797969044
650,6.125,2181.0154653305153,0.0,0.0,-18.438087499999998,-18.438087499999998,-36.876174999999996,-36.876174999999996,-3.7993811427063204,-3.7993811427063204,-13.797462499999998,-13.797462500000027,-54.876174999999996,-54.876174999999975,0.0,-0.13337213331333994,0.0,-2.7784752627703206e-09,0.0,-1.1114246640356619e-08,-24.0,-24.0,0.0,-0.0014899139917715484
651,6.135416666666667,2196.820002458574,0.0,0.0,-18.469444791666668,-18.469444791666668,-36.938889583333335,-36.938889583333335,-3.78560419624797,-3.78560419624797,-13.973351041666671,-13.9733510416667,-54.43888958333332,-54.4388895833333,0.0,-0.13127893730199913,0.0,-2.7348690214736167e-09,0.0,-1.093981540330013e-08,-24.0,-24.0,0.0,-0.0013136791855740528
652,6.145833333333333,2212.739065777666,0.0,0.0,-18.500802083333333,-18.500802083333333,-37.00160416666667,-37.00160416666667,-3.771827249789621,-3.771827249789621,-14.14923958333333,-14.149239583333356,-54.00160416666668,-54.00160416666666,0.0,-0.1291857412906585,0.0,-2.6912627801769166e-09,0.0,-1.0765384166243653e-08,-24.0,-24.0,0.0,-0.0011374443793765725
653,6.15625,2228.773485191785,0.0,0.0,-18.532159375,-18.532159375,-37.06431875,-37.06431875,-3.75805030333127,-3.75805030333127,-14.325128124999999,-14.325128125000028,-53.56431875,-53.56431874999998,0.0,-0.12709254527931768,0.0,-2.6476565388802128e-09,0.0,-1.0590952929187162e-08,-24.0,-24.0,0.0,-0.0009612095731790769
654,6.166666666666667,2244.9240966187463,0.0,0.0,-18.563516666666665,-18.563516666666665,-37.12703333333333,-37.12703333333333,-3.74427335687292,-3.74427335687292,-14.501016666666668,-14.501016666666697,-53.127033333333316,-53.127033333333294,0.0,-0.12499934926797686,0.0,-2.6040502975835085e-09,0.0,-1.0416521692130673e-08,-24.0,-24.0,0.0,-0.0007849747669815815
655,6.177083333333333,2261.191742033771,0.0,0.0,-18.59487395833333,-18.59487395833333,-37.18974791666666,-37.18974791666666,-3.730496410414571,-3.730496410414571,-14.676905208333327,-14.676905208333352,-52.689747916666676,-52.689747916666654,0.0,-0.12290615325663623,0.0,-2.5604440562868083e-09,0.0,-1.0242090455074197e-08,-24.0,-24.0,0.0,-0.0006087399607841012
656,6.1875,2277.5772695133833,0.0,0.0,-18.62623125,-18.62623125,-37.2524625,-37.2524625,-3.7167194639562204,-3.7167194639562204,-14.85279375,-14.852793750000025,-52.2524625,-52.25246249999998,0.0,-0.12081295724529542,0.0,-2.5168378149901045e-09,0.0,-1.0067659218017708e-08,-24.0,-24.0,0.0,-0.0004325051545866058
657,6.197916666666667,2294.081533279616,0.0,0.0,-18.657588541666666,-18.657588541666666,-37.31517708333333,-37.31517708333333,-3.7029425174978696,-3.7029425174978696,-15.02868229166667,-15.028682291666694,-51.81517708333332,-51.815177083333296,0.0,-0.11871976123395461,0.0,-2.4732315736934006e-09,0.0,-9.893227980961217e-09,-24.0,-24.0,0.0,-0.00025627034838910994
658,6.208333333333333,2310.7053937445453,0.0,0.0,-18.68894583333333,-18.68894583333333,-37.37789166666666,-37.37789166666666,-3.6891655710395206,-3.6891655710395206,-15.204570833333328,-15.204570833333353,-51.37789166666668,-51.377891666666656,0.0,-0.11662656522261398,0.0,-2.4296253323967005e-09,0.0,-9.71879674390474e-09,-24.0,-24.0,0.0,-8.00355421916297e-05
659,6.21875,2327.449717555155,0.0,0.0,-18.720303124999997,-18.720303124999997,-37.440606249999995,-37.440606249999995,-3.67538862458117,-3.67538862458117,-15.380459374999997,-15.380459375000022,-50.940606249999995,-50.94060624999998,0.0,-0.11453336921127318,0.0,-2.3860190910999966e-09,0.0,-9.54436550684825e-09,-24.0,-24.0,0.0,9.619926400586572e-05
660,6.229166666666667,2344.3153776385034,0.0,0.0,-18.751660416666667,-18.751660416666667,-37.50332083333333,-37.50332083333333,-3.66161167812282,-3.66161167812282,-15.55634791666667,-15.556347916666695,-50.50332083333332,-50.503320833333305,0.0,-0.11244017319993237,0.0,-2.3424128498032924e-09,0.0,-9.369934269791759e-09,-24.0,-24.0,0.0,0.00027243407020336157
661,6.239583333333333,2361.303253247239,0.0,0.0,-18.783017708333333,-18.783017708333333,-37.566035416666665,-37.566035416666665,-3.647834731664471,-3.647834731664471,-15.732236458333329,-15.732236458333352,-50.06603541666668,-50.066035416666665,0.0,-0.11034697718859174,0.0,-2.2988066085065922e-09,0.0,-9.195503032735284e-09,-24.0,-24.0,0.0,0.0004486688764008418
662,6.25,2378.4142300054423,0.0,0.0,-18.814375,-18.814375,-37.62875,-37.62875,-3.63405778520612,-3.63405778520612,-15.908124999999998,-15.90812500000002,-49.62875,-49.62874999999998,0.0,-0.10825378117725093,0.0,-2.2552003672098884e-09,0.0,-9.021071795678793e-09,-24.0,-24.0,0.0,0.0006249036825983372
663,6.260416666666667,2395.649199954785,0.0,0.0,-18.845732291666664,-18.845732291666664,-37.69146458333333,-37.69146458333333,-3.6202808387477696,-3.6202808387477696,-16.084013541666668,-16.08401354166669,-49.191464583333314,-49.1914645833333,0.0,-0.10616058516591012,0.0,-2.211594125913184e-09,0.0,-8.846640558622303e-09,-24.0,-24.0,0.0,0.0008011384887958327
664,6.270833333333333,2413.009061601043,0.0,0.0,-18.87708958333333,-18.87708958333333,-37.75417916666666,-37.75417916666666,-3.6065038922894206,-3.6065038922894206,-16.259902083333326,-16.259902083333348,-48.754179166666674,-48.75417916666666,0.0,-0.10406738915456949,0.0,-2.167987884616484e-09,0.0,-8.672209321565828e-09,-24.0,-24.0,0.0,0.000977373294993313
665,6.28125,2430.494719960938,0.0,0.0,-18.908446875,-18.908446875,-37.81689375,-37.81689375,-3.59272694583107,-3.59272694583107,-16.435790625,-16.43579062500002,-48.31689375,-48.316893749999984,0.0,-0.10197419314322868,0.0,-2.12438164331978e-09,0.0,-8.497778084509337e-09,-24.0,-24.0,0.0,0.0011536081011908087
666,6.291666666666667,2448.107086609311,0.0,0.0,-18.939804166666665,-18.939804166666665,-37.87960833333333,-37.87960833333333,-3.5789499993727194,-3.5789499993727194,-16.61167916666667,-16.61167916666669,-47.879608333333316,-47.8796083333333,0.0,-0.09988099713188787,0.0,-2.0807754020230763e-09,0.0,-8.323346847452848e-09,-24.0,-24.0,0.0,0.0013298429073883042
667,6.302083333333333,2465.847079726652,0.0,0.0,-18.97116145833333,-18.97116145833333,-37.94232291666666,-37.94232291666666,-3.5651730529143704,-3.5651730529143704,-16.787567708333327,-16.78756770833335,-47.442322916666676,-47.44232291666666,0.0,-0.09778780112054725,0.0,-2.0371691607263757e-09,0.0,-8.148915610396372e-09,-24.0,-24.0,0.0,0.0015060777135857853
668,6.3125,2483.715624146968,0.0,0.0,-19.00251875,-19.00251875,-38.0050375,-38.0050375,-3.5513961064560204,-3.5513961064560204,-16.96345625,-16.96345625000002,-47.0050375,-47.005037499999986,0.0,-0.09569460510920642,0.0,-1.993562919429672e-09,0.0,-7.974484373339881e-09,-24.0,-24.0,0.0,0.0016823125197832803
669,6.322916666666667,2501.7136514059916,0.0,0.0,-19.033876041666666,-19.033876041666666,-38.06775208333333,-38.06775208333333,-3.53761915999767,-3.53761915999767,-17.13934479166667,-17.13934479166669,-46.56775208333332,-46.5677520833333,0.0,-0.09360140909786561,0.0,-1.949956678132968e-09,0.0,-7.80005313628339e-09,-24.0,-24.0,0.0,0.0018585473259807757
670,6.333333333333333,2519.842099789746,0.0,0.0,-19.06523333333333,-19.06523333333333,-38.13046666666666,-38.13046666666666,-3.5238422135393206,-3.5238422135393206,-17.315233333333328,-17.315233333333346,-46.13046666666668,-46.13046666666666,0.0,-0.09150821308652499,0.0,-1.906350436836268e-09,0.0,-7.625621899226914e-09,-24.0,-24.0,0.0,0.002034782132178256
671,6.34375,2538.1019143834665,0.0,0.0,-19.096590624999997,-19.096590624999997,-38.193181249999995,-38.193181249999995,-3.51006526708097,-3.51006526708097,-17.491121874999997,-17.491121875000015,-45.693181249999995,-45.69318124999998,0.0,-0.08941501707518418,0.0,-1.862744195539564e-09,0.0,-7.451190662170425e-09,-24.0,-24.0,0.0,0.0022110169383757518
672,6.354166666666667,2556.4940471208615,0.0,0.0,-19.127947916666663,-19.127947916666663,-38.25589583333333,-38.25589583333333,-3.49628832062262,-3.49628832062262,-17.667010416666667,-17.667010416666685,-45.25589583333331,-45.2558958333333,0.0,-0.08732182106384338,0.0,-1.81913795424286e-09,0.0,-7.2767594251139344e-09,-24.0,-24.0,0.0,0.002387251744573247
673,6.364583333333333,2575.0194568337433,0.0,0.0,-19.15930520833333,-19.15930520833333,-38.31861041666666,-38.31861041666666,-3.482511374164271,-3.482511374164271,-17.842898958333326,-17.842898958333343,-44.81861041666667,-44.81861041666666,0.0,-0.08522862505250273,0.0,-1.7755317129461596e-09,0.0,-7.102328188057458e-09,-24.0,-24.0,0.0,0.0025634865507707274
674,6.375,2593.6791093020192,0.0,0.0,-19.1906625,-19.1906625,-38.381325,-38.381325,-3.46873442770592,-3.46873442770592,-18.0187875,-18.018787500000016,-44.381325,-44.38132499999998,0.0,-0.08313542904116193,0.0,-1.7319254716494558e-09,0.0,-6.9278969510009674e-09,-24.0,-24.0,0.0,0.0027397213569682224
675,6.385416666666667,2612.4739773040315,0.0,0.0,-19.222019791666668,-19.222019791666668,-38.444039583333335,-38.444039583333335,-3.4549574812475696,-3.4549574812475696,-18.19467604166667,-18.19467604166669,-43.94403958333332,-43.94403958333331,0.0,-0.08104223302982112,0.0,-1.6883192303527519e-09,0.0,-6.753465713944477e-09,-24.0,-24.0,0.0,0.0029159561631657187
676,6.395833333333333,2631.405040667275,0.0,0.0,-19.253377083333334,-19.253377083333334,-38.50675416666667,-38.50675416666667,-3.4411805347892206,-3.4411805347892206,-18.37056458333333,-18.370564583333344,-43.50675416666668,-43.50675416666667,0.0,-0.0789490370184805,0.0,-1.6447129890560518e-09,0.0,-6.579034476888003e-09,-24.0,-24.0,0.0,0.003092190969363199
677,6.40625,2650.4732863194827,0.0,0.0,-19.284734375,-19.284734375,-38.56946875,-38.56946875,-3.42740358833087,-3.42740358833087,-18.546453125,-18.546453125000014,-43.06946875,-43.069468749999984,0.0,-0.07685584100713969,0.0,-1.6011067477593477e-09,0.0,-6.404603239831512e-09,-24.0,-24.0,0.0,0.003268425775560694
678,6.416666666666667,2669.6797083400693,0.0,0.0,-19.316091666666665,-19.316091666666665,-38.63218333333333,-38.63218333333333,-3.4136266418725194,-3.4136266418725194,-18.72234166666667,-18.722341666666683,-42.632183333333316,-42.63218333333331,0.0,-0.07476264499579886,0.0,-1.5575005064626438e-09,0.0,-6.230172002775021e-09,-24.0,-24.0,0.0,0.0034446605817581902
679,6.427083333333333,2689.025308011958,0.0,0.0,-19.34744895833333,-19.34744895833333,-38.69489791666666,-38.69489791666666,-3.3998496954141704,-3.3998496954141704,-18.898230208333327,-18.89823020833334,-42.194897916666676,-42.19489791666667,0.0,-0.07266944898445823,0.0,-1.5138942651659435e-09,0.0,-6.055740765718545e-09,-24.0,-24.0,0.0,0.0036208953879556705
680,6.4375,2708.5110938737853,0.0,0.0,-19.378806249999997,-19.378806249999997,-38.75761249999999,-38.75761249999999,-3.38607274895582,-3.38607274895582,-19.074118749999997,-19.07411875000001,-41.75761249999999,-41.757612499999986,0.0,-0.07057625297311743,0.0,-1.4702880238692396e-09,0.0,-5.881309528662055e-09,-24.0,-24.0,0.0,0.0037971301941531655
681,6.447916666666667,2728.1380817724707,0.0,0.0,-19.410163541666666,-19.410163541666666,-38.82032708333333,-38.82032708333333,-3.3722958024974696,-3.3722958024974696,-19.25000729166667,-19.250007291666684,-41.32032708333332,-41.32032708333331,0.0,-0.06848305696177662,0.0,-1.4266817825725358e-09,0.0,-5.706878291605565e-09,-24.0,-24.0,0.0,0.003973365000350661
682,6.458333333333333,2747.9072949161778,0.0,0.0,-19.441520833333332,-19.441520833333332,-38.883041666666664,-38.883041666666664,-3.3585188560391206,-3.3585188560391206,-19.42589583333333,-19.42589583333334,-40.88304166666668,-40.88304166666667,0.0,-0.066389860950436,0.0,-1.3830755412758357e-09,0.0,-5.532447054549089e-09,-24.0,-24.0,0.0,0.004149599806548142
683,6.46875,2767.819763927664,0.0,0.0,-19.472878125,-19.472878125,-38.94575625,-38.94575625,-3.34474190958077,-3.34474190958077,-19.601784375,-19.601784375000012,-40.44575625,-40.445756249999995,0.0,-0.0642966649390952,0.0,-1.3394692999791316e-09,0.0,-5.3580158174925985e-09,-24.0,-24.0,0.0,0.004325834612745637
684,6.479166666666667,2787.876526897999,0.0,0.0,-19.504235416666667,-19.504235416666667,-39.008470833333334,-39.008470833333334,-3.3309649631224194,-3.3309649631224194,-19.77767291666667,-19.77767291666668,-40.00847083333332,-40.00847083333331,0.0,-0.06220346892775437,0.0,-1.2958630586824277e-09,0.0,-5.1835845804361075e-09,-24.0,-24.0,0.0,0.004502069418943133
685,6.489583333333333,2808.078629440689,0.0,0.0,-19.535592708333333,-19.535592708333333,-39.071185416666665,-39.071185416666665,-3.31718801666407,-3.31718801666407,-19.95356145833333,-19.95356145833334,-39.57118541666668,-39.57118541666667,0.0,-0.06011027291641374,0.0,-1.2522568173857274e-09,0.0,-5.009153343379632e-09,-24.0,-24.0,0.0,0.004678304225140613
686,6.5,2828.42712474619,0.0,0.0,-19.56695,-19.56695,-39.1339,-39.1339,-3.30341107020572,-3.30341107020572,-20.12945,-20.12945000000001,-39.1339,-39.13389999999999,0.0,-0.058017076905072934,0.0,-1.2086505760890235e-09,0.0,-4.834722106323141e-09,-24.0,-24.0,0.0,0.004854539031338109
687,6.510416666666667,2848.9230736368067,0.0,0.0,-19.598307291666664,-19.598307291666664,-39.19661458333333,-39.19661458333333,-3.2896341237473696,-3.2896341237473696,-20.305338541666668,-20.30533854166668,-38.696614583333314,-38.69661458333331,0.0,-0.055923880893732125,0.0,-1.1650443347923197e-09,0.0,-4.660290869266651e-09,-24.0,-24.0,0.0,0.005030773837535604
688,6.520833333333333,2869.567544622,0.0,0.0,-19.62966458333333,-19.62966458333333,-39.25932916666666,-39.25932916666666,-3.27585717728902,-3.27585717728902,-20.481227083333327,-20.481227083333337,-38.259329166666674,-38.25932916666667,0.0,-0.0538306848823915,0.0,-1.1214380934956195e-09,0.0,-4.485859632210176e-09,-24.0,-24.0,0.0,0.005207008643733085
689,6.53125,2890.361613954093,0.0,0.0,-19.661021874999996,-19.661021874999996,-39.32204374999999,-39.32204374999999,-3.2620802308306702,-3.2620802308306702,-20.657115624999996,-20.657115625000007,-37.82204374999999,-37.822043749999985,0.0,-0.051737488871050674,0.0,-1.0778318521989157e-09,0.0,-4.311428395153685e-09,-24.0,-24.0,0.0,0.00538324344993058
690,6.541666666666667,2911.3063656843756,0.0,0.0,-19.692379166666665,-19.692379166666665,-39.38475833333333,-39.38475833333333,-3.2483032843723194,-3.2483032843723194,-20.83300416666667,-20.833004166666676,-37.384758333333316,-37.38475833333331,0.0,-0.04964429285970987,0.0,-1.0342256109022116e-09,0.0,-4.136997158097196e-09,-24.0,-24.0,0.0,0.005559478256128076
691,6.552083333333333,2932.4028917196165,0.0,0.0,-19.72373645833333,-19.72373645833333,-39.44747291666666,-39.44747291666666,-3.2345263379139704,-3.2345263379139704,-21.008892708333327,-21.008892708333335,-36.947472916666676,-36.94747291666667,0.0,-0.047551096848369244,0.0,-9.906193696055113e-10,0.0,-3.96256592104072e-09,-24.0,-24.0,0.0,0.005735713062325556
692,6.5625,2953.6522918789988,0.0,0.0,-19.75509375,-19.75509375,-39.5101875,-39.5101875,-3.22074939145562,-3.22074939145562,-21.18478125,-21.184781250000007,-36.5101875,-36.510187499999994,0.0,-0.045457900837028435,0.0,-9.470131283088074e-10,0.0,-3.788134683984229e-09,-24.0,-24.0,0.0,0.005911947868523052
693,6.572916666666667,2975.0556739514423,0.0,0.0,-19.786451041666666,-19.786451041666666,-39.57290208333333,-39.57290208333333,-3.2069724449972696,-3.2069724449972696,-21.36066979166667,-21.360669791666677,-36.07290208333332,-36.07290208333331,0.0,-0.04336470482568763,0.0,-9.034068870121036e-10,0.0,-3.6137034469277386e-09,-24.0,-24.0,0.0,0.006088182674720547
694,6.583333333333333,2996.6141537533626,0.0,0.0,-19.817808333333332,-19.817808333333332,-39.635616666666664,-39.635616666666664,-3.1931954985389206,-3.1931954985389206,-21.53655833333333,-21.536558333333335,-35.63561666666668,-35.63561666666667,0.0,-0.041271508814347005,0.0,-8.598006457154033e-10,0.0,-3.4392722098712625e-09,-24.0,-24.0,0.0,0.006264417480918027
695,6.59375,3018.328855186846,0.0,0.0,-19.849165624999998,-19.849165624999998,-39.698331249999995,-39.698331249999995,-3.17941855208057,-3.17941855208057,-21.712446874999998,-21.712446875000005,-35.198331249999995,-35.198331249999995,0.0,-0.03917831280300618,0.0,-8.161944044186995e-10,0.0,-3.264840972814773e-09,-24.0,-24.0,0.0,0.006440652287115522
696,6.604166666666667,3040.20091029823,0.0,0.0,-19.880522916666667,-19.880522916666667,-39.761045833333334,-39.761045833333334,-3.1656416056222194,-3.1656416056222194,-21.88833541666667,-21.888335416666678,-34.76104583333332,-34.76104583333331,0.0,-0.03708511679166537,0.0,-7.725881631219955e-10,0.0,-3.090409735758282e-09,-24.0,-24.0,0.0,0.006616887093313018
697,6.614583333333333,3062.2314593371298,0.0,0.0,-19.911880208333333,-19.911880208333333,-39.823760416666666,-39.823760416666666,-3.1518646591638704,-3.1518646591638704,-22.06422395833333,-22.064223958333333,-34.32376041666668,-34.32376041666668,0.0,-0.034991920780324745,0.0,-7.289819218252953e-10,0.0,-2.915978498701806e-09,-24.0,-24.0,0.0,0.0067931218995105
698,6.625,3084.4216508158815,0.0,0.0,-19.9432375,-19.9432375,-39.886475,-39.886475,-3.13808771270552,-3.13808771270552,-22.2401125,-22.240112500000002,-33.886475,-33.886475,0.0,-0.032898724768983936,0.0,-6.853756805285914e-10,0.0,-2.741547261645316e-09,-24.0,-24.0,0.0,0.006969356705707995
699,6.635416666666667,3106.7726415694115,0.0,0.0,-19.974594791666664,-19.974594791666664,-39.94918958333333,-39.94918958333333,-3.124310766247169,-3.124310766247169,-22.416001041666668,-22.41600104166667,-33.449189583333315,-33.449189583333315,0.0,-0.030805528757643127,0.0,-6.417694392318873e-10,0.0,-2.567116024588825e-09,-24.0,-24.0,0.0,0.00714559151190549
700,6.645833333333333,3129.2855968155477,0.0,0.0,-20.00595208333333,-20.00595208333333,-40.01190416666666,-40.01190416666666,-3.11053381978882,-3.11053381978882,-22.591889583333327,-22.59188958333333,-33.011904166666675,-33.011904166666675,0.0,-0.028712332746302496,0.0,-5.98163197935187e-10,0.0,-2.39268478753235e-09,-24.0,-24.0,0.0,0.00732182631810297
701,6.65625,3151.961690215773,0.0,0.0,-20.037309375,-20.037309375,-40.07461875,-40.07461875,-3.0967568733304702,-3.0967568733304702,-22.767778125,-22.767778125000003,-32.57461875,-32.57461875,0.0,-0.026619136734961683,0.0,-5.545569566384832e-10,0.0,-2.2182535504758594e-09,-24.0,-24.0,0.0,0.007498061124300465
702,6.666666666666667,3174.8021039364,0.0,0.0,-20.068666666666665,-20.068666666666665,-40.13733333333333,-40.13733333333333,-3.0829799268721194,-3.0829799268721194,-22.94366666666667,-22.943666666666672,-32.137333333333316,-32.137333333333316,0.0,-0.024525940723620878,0.0,-5.109507153417792e-10,0.0,-2.0438223134193684e-09,-24.0,-24.0,0.0,0.007674295930497961
703,6.677083333333333,3197.808028710204,0.0,0.0,-20.10002395833333,-20.10002395833333,-40.20004791666666,-40.20004791666666,-3.0692029804137704,-3.0692029804137704,-23.119555208333328,-23.119555208333328,-31.700047916666676,-31.700047916666676,0.0,-0.02243274471228025,0.0,-4.67344474045079e-10,0.0,-1.8693910763628936e-09,-24.0,-24.0,0.0,0.007850530736695442
704,6.6875,3220.9806638985087,0.0,0.0,-20.131381249999997,-20.131381249999997,-40.262762499999994,-40.262762499999994,-3.0554260339554196,-3.0554260339554196,-23.295443749999997,-23.295443749999997,-31.262762499999994,-31.262762499999994,0.0,-0.020339548700939437,0.0,-4.237382327483751e-10,0.0,-1.6949598393064027e-09,-24.0,-24.0,0.0,0.008026765542892937
705,6.697916666666667,3244.3212175536974,0.0,0.0,-20.162738541666666,-20.162738541666666,-40.32547708333333,-40.32547708333333,-3.0416490874970696,-3.0416490874970696,-23.47133229166667,-23.47133229166667,-30.82547708333332,-30.82547708333332,0.0,-0.01824635268959863,0.0,-3.8013199145167114e-10,0.0,-1.5205286022499121e-09,-24.0,-24.0,0.0,0.008203000349090434
706,6.708333333333333,3267.830906482199,0.0,0.0,-20.194095833333332,-20.194095833333332,-40.388191666666664,-40.388191666666664,-3.02787214103872,-3.02787214103872,-23.64722083333333,-23.64722083333333,-30.38819166666668,-30.38819166666668,0.0,-0.016153156678258,0.0,-3.365257501549709e-10,0.0,-1.3460973651934369e-09,-24.0,-24.0,0.0,0.008379235155287913
707,6.71875,3291.51095630793,0.0,0.0,-20.225453125,-20.225453125,-40.45090625,-40.45090625,-3.01409519458037,-3.01409519458037,-23.823109375,-23.823109375,-29.950906250000003,-29.950906250000003,0.0,-0.014059960666917188,0.0,-2.9291950885826705e-10,0.0,-1.1716661281369464e-09,-24.0,-24.0,0.0,0.008555469961485408
708,6.729166666666667,3315.3626015361756,0.0,0.0,-20.256810416666667,-20.256810416666667,-40.513620833333334,-40.513620833333334,-3.0003182481220194,-3.0003182481220194,-23.99899791666667,-23.99899791666667,-29.51362083333332,-29.51362083333332,0.0,-0.011966764655576383,0.0,-2.493132675615631e-10,0.0,-9.972348910804558e-10,-24.0,-24.0,0.0,0.008731704767682903
709,6.739583333333333,3339.3870856179565,0.0,0.0,-20.288167708333333,-20.288167708333333,-40.576335416666666,-40.576335416666666,-2.98654130166367,-2.98654130166367,-24.17488645833333,-24.174886458333326,-29.07633541666668,-29.07633541666668,0.0,-0.009873568644235747,0.0,-2.0570702626486285e-10,0.0,-8.228036540239802e-10,-24.0,-24.0,0.0,0.008907939573880384
710,6.75,3363.585661014858,0.0,0.0,-20.319525,-20.319525,-40.63905,-40.63905,-2.97276435520532,-2.97276435520532,-24.350775,-24.350775,-28.639049999999997,-28.639049999999997,0.0,-0.0077803726328949385,0.0,-1.62100784968159e-10,0.0,-6.483724169674896e-10,-24.0,-24.0,0.0,0.00908417438007788
711,6.760416666666667,3387.959589264312,0.0,0.0,-20.350882291666665,-20.350882291666665,-40.70176458333333,-40.70176458333333,-2.9589874087469696,-2.9589874087469696,-24.526663541666668,-24.526663541666665,-28.201764583333315,-28.201764583333315,0.0,-0.00568717662155413,0.0,-1.1849454367145504e-10,0.0,-4.739411799109995e-10,-24.0,-24.0,0.0,0.009260409186275376
712,6.770833333333333,3412.510141045371,0.0,0.0,-20.38223958333333,-20.38223958333333,-40.76447916666666,-40.76447916666666,-2.94521046228862,-2.94521046228862,-24.702552083333327,-24.702552083333323,-27.764479166666675,-27.764479166666675,0.0,-0.0035939806102134944,0.0,-7.48883023747548e-11,0.0,-2.9950994285452386e-10,-24.0,-24.0,0.0,0.009436643992472855
713,6.78125,3437.2385962449557,0.0,0.0,-20.413596875,-20.413596875,-40.82719375,-40.82719375,-2.93143351583027,-2.93143351583027,-24.878440625,-24.878440624999996,-27.32719375,-27.32719375,0.0,-0.0015007845988726926,0.0,-3.128206107805094e-11,0.0,-1.2507870579803332e-10,-24.0,-24.0,0.0,0.009612878798670352
714,6.791666666666667,3462.1462440245728,0.0,0.0,-20.444954166666665,-20.444954166666665,-40.88990833333333,-40.88990833333333,-2.9176565693719194,-2.9176565693719194,-25.05432916666667,-25.054329166666665,-26.889908333333317,-26.889908333333317,0.0,0.0005924114124681232,0.0,1.2324180218653018e-11,0.0,4.935253125845722e-11,-24.0,-24.0,0.0,0.009789113604867847
715,6.802083333333333,3487.234382887522,0.0,0.0,-20.47631145833333,-20.47631145833333,-40.95262291666666,-40.95262291666666,-2.90387962291357,-2.90387962291357,-25.230217708333328,-25.23021770833332,-26.452622916666677,-26.452622916666677,0.0,0.0026856074238087516,0.0,5.5930421515353256e-11,0.0,2.2378376831493287e-10,-24.0,-24.0,0.0,0.009965348411065326
716,6.8125,3512.5043207465988,0.0,0.0,-20.50766875,-20.50766875,-41.0153375,-41.0153375,-2.8901026764552196,-2.8901026764552196,-25.40610625,-25.406106249999997,-26.0153375,-26.015337500000005,0.0,0.00477880343514956,0.0,9.953666281205711e-11,0.0,3.98215005371423e-10,-24.0,-24.0,0.0,0.010141583217262821
717,6.822916666666667,3537.9573749922706,0.0,0.0,-20.539026041666666,-20.539026041666666,-41.07805208333333,-41.07805208333333,-2.876325729996869,-2.876325729996869,-25.58199479166667,-25.581994791666666,-25.57805208333332,-25.578052083333322,0.0,0.006871999446490366,0.0,1.4314290410876118e-10,0.0,5.726462424279139e-10,-24.0,-24.0,0.0,0.010317818023460318
718,6.833333333333333,3563.5948725613566,0.0,0.0,-20.570383333333332,-20.570383333333332,-41.140766666666664,-41.140766666666664,-2.86254878353852,-2.86254878353852,-25.75788333333333,-25.757883333333325,-25.14076666666668,-25.140766666666682,0.0,0.008965195457831004,0.0,1.8674914540546141e-10,0.0,7.470774794843892e-10,-24.0,-24.0,0.0,0.0104940528296578
719,6.84375,3589.4181500062145,0.0,0.0,-20.601740624999998,-20.601740624999998,-41.203481249999996,-41.203481249999996,-2.84877183708017,-2.84877183708017,-25.933771874999998,-25.93377187499999,-24.703481249999996,-24.703481250000003,0.0,0.01105839146917181,0.0,2.3035538670216527e-10,0.0,9.215087165408797e-10,-24.0,-24.0,0.0,0.010670287635855294
720,6.854166666666667,3615.4285535644044,0.0,0.0,-20.633097916666667,-20.633097916666667,-41.266195833333335,-41.266195833333335,-2.834994890621819,-2.834994890621819,-26.10966041666667,-26.109660416666664,-24.26619583333332,-24.266195833333327,0.0,0.013151587480512622,0.0,2.7396162799886923e-10,0.0,1.0959399535973698e-09,-24.0,-24.0,0.0,0.01084652244205279
721,6.864583333333333,3641.6274392288806,0.0,0.0,-20.664455208333333,-20.664455208333333,-41.328910416666666,-41.328910416666666,-2.82121794416347,-2.82121794416347,-26.28554895833333,-26.285548958333322,-23.82891041666668,-23.828910416666687,0.0,0.01524478349185325,0.0,3.1756786929556947e-10,0.0,1.2703711906538455e-09,-24.0,-24.0,0.0,0.01102275724825027
722,6.875,3668.016172818685,0.0,0.0,-20.6958125,-20.6958125,-41.391625,-41.391625,-2.8074409977051196,-2.8074409977051196,-26.4614375,-26.46143749999999,-23.391624999999998,-23.391625000000005,0.0,0.017337979503194056,0.0,3.611741105922733e-10,0.0,1.4448024277103362e-09,-24.0,-24.0,0.0,0.011198992054447765
723,6.885416666666667,3694.5961300501426,0.0,0.0,-20.727169791666668,-20.727169791666668,-41.454339583333336,-41.454339583333336,-2.793664051246769,-2.793664051246769,-26.63732604166667,-26.637326041666665,-22.954339583333322,-22.95433958333333,0.0,0.019431175514534868,0.0,4.047803518889773e-10,0.0,1.6192336647668266e-09,-24.0,-24.0,0.0,0.01137522686064526
724,6.895833333333333,3721.3686966085857,0.0,0.0,-20.75852708333333,-20.75852708333333,-41.51705416666666,-41.51705416666666,-2.77988710478842,-2.77988710478842,-26.813214583333327,-26.81321458333332,-22.517054166666675,-22.517054166666682,0.0,0.021524371525875496,0.0,4.483865931856775e-10,0.0,1.7936649018233022e-09,-24.0,-24.0,0.0,0.011551461666842743
725,6.90625,3748.3352682206,0.0,0.0,-20.789884374999996,-20.789884374999996,-41.57976874999999,-41.57976874999999,-2.7661101583300693,-2.7661101583300693,-26.989103124999996,-26.989103124999986,-22.079768749999992,-22.07976875,0.0,0.02361756753721631,0.0,4.919928344823814e-10,0.0,1.9680961388797928e-09,-24.0,-24.0,0.0,0.011727696473040238
726,6.916666666666667,3775.4972507267744,0.0,0.0,-20.821241666666666,-20.821241666666666,-41.64248333333333,-41.64248333333333,-2.7523332118717194,-2.7523332118717194,-27.16499166666667,-27.16499166666666,-21.642483333333317,-21.642483333333324,0.0,0.025710763548557114,0.0,5.355990757790854e-10,0.0,2.1425273759362833e-09,-24.0,-24.0,0.0,0.011903931279237733
727,6.927083333333333,3802.8560601550003,0.0,0.0,-20.85259895833333,-20.85259895833333,-41.70519791666666,-41.70519791666666,-2.7385562654133704,-2.7385562654133704,-27.340880208333328,-27.340880208333317,-21.205197916666677,-21.205197916666684,0.0,0.02780395955989775,0.0,5.792053170757856e-10,0.0,2.3169586129927585e-09,-24.0,-24.0,0.0,0.012080166085435213
728,6.9375,3830.413122794295,0.0,0.0,-20.88395625,-20.88395625,-41.7679125,-41.7679125,-2.7247793189550196,-2.7247793189550196,-27.51676875,-27.51676874999999,-20.7679125,-20.767912500000012,0.0,0.029897155571238558,0.0,6.228115583724894e-10,0.0,2.491389850049249e-09,-24.0,-24.0,0.0,0.012256400891632708
729,6.947916666666667,3858.1698752691477,0.0,0.0,-20.915313541666666,-20.915313541666666,-41.83062708333333,-41.83062708333333,-2.711002372496669,-2.711002372496669,-27.69265729166667,-27.69265729166666,-20.33062708333332,-20.33062708333333,0.0,0.03199035158257937,0.0,6.664177996691935e-10,0.0,2.6658210871057396e-09,-24.0,-24.0,0.0,0.012432635697830204
730,6.958333333333333,3886.1277646144226,0.0,0.0,-20.94667083333333,-20.94667083333333,-41.89334166666666,-41.89334166666666,-2.69722542603832,-2.69722542603832,-27.868545833333325,-27.868545833333314,-19.89334166666667,-19.893341666666682,0.0,0.034083547593919995,0.0,7.100240409658936e-10,0.0,2.8402523241622152e-09,-24.0,-24.0,0.0,0.012608870504027684
731,6.96875,3914.2882483508,0.0,0.0,-20.978028124999998,-20.978028124999998,-41.956056249999996,-41.956056249999996,-2.68344847957997,-2.68344847957997,-28.044434374999998,-28.044434374999987,-19.456056249999996,-19.456056250000007,0.0,0.03617674360526081,0.0,7.536302822625976e-10,0.0,3.0146835612187054e-09,-24.0,-24.0,0.0,0.01278510531022518
732,6.979166666666667,3942.6527945607513,0.0,0.0,-21.009385416666664,-21.009385416666664,-42.01877083333333,-42.01877083333333,-2.6696715331216194,-2.6696715331216194,-28.220322916666667,-28.220322916666657,-19.018770833333313,-19.018770833333324,0.0,0.03826993961660161,0.0,7.972365235593016e-10,0.0,3.1891147982751963e-09,-24.0,-24.0,0.0,0.012961340116422675
733,6.989583333333333,3971.222881965075,0.0,0.0,-21.040742708333333,-21.040742708333333,-42.081485416666666,-42.081485416666666,-2.65589458666327,-2.65589458666327,-28.39621145833333,-28.396211458333315,-18.58148541666668,-18.58148541666669,0.0,0.04036313562794225,0.0,8.408427648560017e-10,0.0,3.363546035331672e-09,-24.0,-24.0,0.0,0.013137574922620156
734,7.0,4000.0,0.0,0.0,-21.0721,-21.0721,-42.1442,-42.1442,-2.6421176402049196,-2.6421176402049196,-28.5721,-28.572099999999985,-18.144199999999998,-18.14420000000001,0.0,0.04245633163928306,0.0,8.844490061527056e-10,0.0,3.537977272388162e-09,-24.0,-24.0,0.0,0.013313809728817651
735,7.010416666666667,4028.9856488948167,0.0,0.0,-21.10345729166667,-21.10345729166667,-42.20691458333334,-42.20691458333334,-2.626818140918719,-2.626818140918719,-28.435488541666665,-28.43548854166665,-18.70691458333335,-18.70691458333336,0.0,0.04189600692316847,0.0,8.727763925351817e-10,0.0,3.4912842564671016e-09,-24.0,-24.0,0.0,0.012657931426963859
736,7.020833333333333,4058.181339750094,0.0,0.0,-21.13481458333333,-21.13481458333333,-42.26962916666666,-42.26962916666666,-2.6115186416325202,-2.6115186416325202,-28.298877083333334,-28.298877083333323,-19.269629166666647,-19.269629166666657,0.0,0.041335682207053935,0.0,8.61103778917659e-10,0.0,3.444591240546045e-09,-24.0,-24.0,0.0,0.012002053125110122
737,7.03125,4087.5885946164667,0.0,0.0,-21.166171875,-21.166171875,-42.33234375,-42.33234375,-2.5962191423463197,-2.5962191423463197,-28.162265625,-28.162265624999986,-19.83234375,-19.83234375000001,0.0,0.04077535749093936,0.0,8.494311653001351e-10,0.0,3.397898224624984e-09,-24.0,-24.0,0.0,0.01134617482325633
738,7.041666666666667,4117.208946573969,0.0,0.0,-21.197529166666666,-21.197529166666666,-42.39505833333333,-42.39505833333333,-2.580919643060119,-2.580919643060119,-28.025654166666662,-28.025654166666648,-20.395058333333346,-20.395058333333356,0.0,0.040215032774824765,0.0,8.377585516826114e-10,0.0,3.3512052087039234e-09,-24.0,-24.0,0.0,0.010690296521402536
739,7.052083333333333,4147.043939811964,0.0,0.0,-21.22888645833333,-21.22888645833333,-42.45777291666666,-42.45777291666666,-2.56562014377392,-2.56562014377392,-27.889042708333335,-27.889042708333324,-20.95777291666665,-20.95777291666666,0.0,0.03965470805871023,0.0,8.260859380650885e-10,0.0,3.3045121927828666e-09,-24.0,-24.0,0.0,0.010034418219548799
740,7.0625,4177.095129709655,0.0,0.0,-21.26024375,-21.26024375,-42.5204875,-42.5204875,-2.5503206444877193,-2.5503206444877193,-27.75243125,-27.752431249999987,-21.5204875,-21.520487500000012,0.0,0.03909438334259564,0.0,8.144133244475646e-10,0.0,3.2578191768618057e-09,-24.0,-24.0,0.0,0.009378539917695007
741,7.072916666666667,4207.364082917158,0.0,0.0,-21.291601041666667,-21.291601041666667,-42.58320208333333,-42.58320208333333,-2.535021145201519,-2.535021145201519,-27.615819791666663,-27.61581979166665,-22.083202083333347,-22.083202083333358,0.0,0.038534058626481064,0.0,8.027407108300408e-10,0.0,3.211126160940745e-09,-24.0,-24.0,0.0,0.008722661615841214
742,7.083333333333333,4237.852377437181,0.0,0.0,-21.322958333333332,-21.322958333333332,-42.645916666666665,-42.645916666666665,-2.51972164591532,-2.51972164591532,-27.479208333333336,-27.479208333333325,-22.64591666666665,-22.64591666666666,0.0,0.03797373391036652,0.0,7.91068097212518e-10,0.0,3.1644331450196884e-09,-24.0,-24.0,0.0,0.008066783313987478
743,7.09375,4268.561602707295,0.0,0.0,-21.354315624999998,-21.354315624999998,-42.708631249999996,-42.708631249999996,-2.5044221466291194,-2.5044221466291194,-27.342596874999998,-27.342596874999984,-23.208631249999996,-23.208631250000007,0.0,0.03741340919425194,0.0,7.793954835949941e-10,0.0,3.117740129098628e-09,-24.0,-24.0,0.0,0.007410905012133684
744,7.104166666666667,4299.493359682787,0.0,0.0,-21.385672916666667,-21.385672916666667,-42.771345833333335,-42.771345833333335,-2.489122647342919,-2.489122647342919,-27.205985416666664,-27.20598541666665,-23.77134583333335,-23.77134583333336,0.0,0.03685308447813735,0.0,7.677228699774703e-10,0.0,3.071047113177567e-09,-24.0,-24.0,0.0,0.006755026710279892
745,7.114583333333333,4330.649260920124,0.0,0.0,-21.417030208333333,-21.417030208333333,-42.83406041666667,-42.83406041666667,-2.47382314805672,-2.47382314805672,-27.069373958333337,-27.069373958333326,-24.334060416666652,-24.334060416666663,0.0,0.036292759762022814,0.0,7.560502563599475e-10,0.0,3.02435409725651e-09,-24.0,-24.0,0.0,0.0060991484084261536
746,7.125,4362.030930661031,0.0,0.0,-21.4483875,-21.4483875,-42.896775,-42.896775,-2.4585236487705195,-2.4585236487705195,-26.9327625,-26.93276249999999,-24.896774999999998,-24.89677500000001,0.0,0.03573243504590823,0.0,7.443776427424235e-10,0.0,2.9776610813354497e-09,-24.0,-24.0,0.0,0.005443270106572361
747,7.135416666666667,4393.640004917148,0.0,0.0,-21.47974479166667,-21.47974479166667,-42.95948958333334,-42.95948958333334,-2.443224149484319,-2.443224149484319,-26.796151041666665,-26.796151041666654,-25.45948958333335,-25.45948958333336,0.0,0.03517211032979365,0.0,7.327050291248998e-10,0.0,2.9309680654143888e-09,-24.0,-24.0,0.0,0.004787391804718569
748,7.145833333333333,4425.478131555332,0.0,0.0,-21.511102083333334,-21.511102083333334,-43.02220416666667,-43.02220416666667,-2.4279246501981198,-2.4279246501981198,-26.659539583333338,-26.659539583333327,-26.022204166666654,-26.022204166666665,0.0,0.034611785613679114,0.0,7.210324155073769e-10,0.0,2.884275049493332e-09,-24.0,-24.0,0.0,0.004131513502864832
749,7.15625,4457.54697038357,0.0,0.0,-21.542459375,-21.542459375,-43.08491875,-43.08491875,-2.4126251509119196,-2.4126251509119196,-26.522928125,-26.52292812499999,-26.58491875,-26.58491875000001,0.0,0.03405146089756453,0.0,7.093598018898531e-10,0.0,2.8375820335722715e-09,-24.0,-24.0,0.0,0.0034756352010110398
750,7.166666666666667,4489.8481932374925,0.0,0.0,-21.57381666666667,-21.57381666666667,-43.14763333333334,-43.14763333333334,-2.397325651625719,-2.397325651625719,-26.386316666666666,-26.386316666666655,-27.147633333333353,-27.14763333333336,0.0,0.03349113618144994,0.0,6.976871882723293e-10,0.0,2.7908890176512106e-09,-24.0,-24.0,0.0,0.0028197568991572466
751,7.177083333333333,4522.383484067542,0.0,0.0,-21.60517395833333,-21.60517395833333,-43.21034791666666,-43.21034791666666,-2.38202615233952,-2.38202615233952,-26.249705208333335,-26.249705208333324,-27.71034791666665,-27.710347916666656,0.0,0.0329308114653354,0.0,6.860145746548064e-10,0.0,2.744196001730154e-09,-24.0,-24.0,0.0,0.002163878597303508
752,7.1875,4555.1545390267665,0.0,0.0,-21.636531249999997,-21.636531249999997,-43.273062499999995,-43.273062499999995,-2.3667266530533193,-2.3667266530533193,-26.113093749999997,-26.113093749999987,-28.273062499999995,-28.2730625,0.0,0.03237048674922082,0.0,6.743419610372825e-10,0.0,2.6975029858090937e-09,-24.0,-24.0,0.0,0.0015080002954497157
753,7.197916666666667,4588.163066559232,0.0,0.0,-21.667888541666663,-21.667888541666663,-43.335777083333326,-43.335777083333326,-2.3514271537671187,-2.3514271537671187,-25.97648229166666,-25.97648229166665,-28.83577708333334,-28.835777083333348,0.0,0.031810162033106236,0.0,6.626693474197587e-10,0.0,2.650809969888033e-09,-24.0,-24.0,0.0,0.0008521219935959234
754,7.208333333333333,4621.410787489091,0.0,0.0,-21.69924583333333,-21.69924583333333,-43.39849166666666,-43.39849166666666,-2.33612765448092,-2.33612765448092,-25.839870833333332,-25.839870833333325,-29.398491666666644,-29.39849166666665,0.0,0.0312498373169917,0.0,6.509967338022359e-10,0.0,2.604116953966976e-09,-24.0,-24.0,0.0,0.00019624369174218656
755,7.21875,4654.89943511031,0.0,0.0,-21.730603125000002,-21.730603125000002,-43.461206250000004,-43.461206250000004,-2.3208281551947194,-2.3208281551947194,-25.703259375000002,-25.70325937499999,-29.961206250000004,-29.96120625000001,0.0,0.03068951260087711,0.0,6.39324120184712e-10,0.0,2.5574239380459155e-09,-24.0,-24.0,0.0,-0.00045963461011160577
756,7.229166666666667,4688.630755277007,0.0,0.0,-21.761960416666668,-21.761960416666668,-43.523920833333335,-43.523920833333335,-2.305528655908519,-2.305528655908519,-25.566647916666664,-25.566647916666653,-30.52392083333335,-30.523920833333356,0.0,0.030129187884762532,0.0,6.276515065671883e-10,0.0,2.510730922124855e-09,-24.0,-24.0,0.0,-0.001115512911965398
757,7.239583333333333,4722.606506494478,0.0,0.0,-21.793317708333333,-21.793317708333333,-43.58663541666667,-43.58663541666667,-2.29022915662232,-2.29022915662232,-25.430036458333337,-25.43003645833333,-31.086635416666653,-31.08663541666666,0.0,0.029568863168647996,0.0,6.159788929496654e-10,0.0,2.464037906203798e-09,-24.0,-24.0,0.0,-0.001771391213819135
758,7.25,4756.828460010885,0.0,0.0,-21.824675,-21.824675,-43.64935,-43.64935,-2.2749296573361195,-2.2749296573361195,-25.293425,-25.293424999999992,-31.64935,-31.649350000000005,0.0,0.029008538452533407,0.0,6.043062793321415e-10,0.0,2.4173448902827377e-09,-24.0,-24.0,0.0,-0.002427269515672929
759,7.260416666666667,4791.29839990957,0.0,0.0,-21.856032291666665,-21.856032291666665,-43.71206458333333,-43.71206458333333,-2.259630158049919,-2.259630158049919,-25.15681354166666,-25.15681354166665,-32.212064583333344,-32.21206458333335,0.0,0.02844821373641882,0.0,5.926336657146177e-10,0.0,2.3706518743616768e-09,-24.0,-24.0,0.0,-0.0030831478175267213
760,7.270833333333333,4826.018123202086,0.0,0.0,-21.88738958333333,-21.88738958333333,-43.77477916666666,-43.77477916666666,-2.2443306587637197,-2.2443306587637197,-25.020202083333334,-25.020202083333327,-32.77477916666665,-32.774779166666654,0.0,0.027887889020304285,0.0,5.809610520970948e-10,0.0,2.32395885844062e-09,-24.0,-24.0,0.0,-0.003739026119380458
761,7.28125,4860.989439921876,0.0,0.0,-21.918746875,-21.918746875,-43.83749375,-43.83749375,-2.229031159477519,-2.229031159477519,-24.883590625,-24.88359062499999,-33.33749375,-33.33749375000001,0.0,0.0273275643041897,0.0,5.69288438479571e-10,0.0,2.2772658425195595e-09,-24.0,-24.0,0.0,-0.00439490442123425
762,7.291666666666667,4896.214173218622,0.0,0.0,-21.95010416666667,-21.95010416666667,-43.90020833333334,-43.90020833333334,-2.213731660191319,-2.213731660191319,-24.746979166666666,-24.746979166666655,-33.90020833333335,-33.90020833333336,0.0,0.026767239588075118,0.0,5.576158248620472e-10,0.0,2.2305728265984986e-09,-24.0,-24.0,0.0,-0.005050782723088043
763,7.302083333333333,4931.694159453304,0.0,0.0,-21.98146145833333,-21.98146145833333,-43.96292291666666,-43.96292291666666,-2.19843216090512,-2.19843216090512,-24.610367708333335,-24.610367708333328,-34.46292291666665,-34.462922916666656,0.0,0.02620691487196058,0.0,5.459432112445244e-10,0.0,2.1838798106774418e-09,-24.0,-24.0,0.0,-0.00570666102494178
764,7.3125,4967.431248293936,0.0,0.0,-22.01281875,-22.01281875,-44.0256375,-44.0256375,-2.1831326616189193,-2.1831326616189193,-24.47375625,-24.473756249999994,-35.0256375,-35.02563750000001,0.0,0.025646590155845993,0.0,5.342705976270004e-10,0.0,2.1371867947563813e-09,-24.0,-24.0,0.0,-0.006362539326795572
765,7.322916666666667,5003.427302811983,0.0,0.0,-22.044176041666667,-22.044176041666667,-44.088352083333334,-44.088352083333334,-2.167833162332719,-2.167833162332719,-24.337144791666663,-24.337144791666653,-35.58835208333335,-35.588352083333355,0.0,0.02508626543973141,0.0,5.225979840094767e-10,0.0,2.0904937788353204e-09,-24.0,-24.0,0.0,-0.007018417628649364
766,7.333333333333333,5039.684199579492,0.0,0.0,-22.075533333333333,-22.075533333333333,-44.151066666666665,-44.151066666666665,-2.15253366304652,-2.15253366304652,-24.200533333333336,-24.20053333333333,-36.15106666666665,-36.15106666666666,0.0,0.024525940723616874,0.0,5.109253703919538e-10,0.0,2.043800762914264e-09,-24.0,-24.0,0.0,-0.007674295930503103
767,7.34375,5076.203828766933,0.0,0.0,-22.106890625,-22.106890625,-44.21378125,-44.21378125,-2.1372341637603194,-2.1372341637603194,-24.063921875,-24.06392187499999,-36.71378125,-36.713781250000004,0.0,0.02396561600750229,0.0,4.992527567744299e-10,0.0,1.997107746993203e-09,-24.0,-24.0,0.0,-0.008330174232356897
768,7.354166666666667,5112.988094241723,0.0,0.0,-22.138247916666668,-22.138247916666668,-44.276495833333335,-44.276495833333335,-2.121934664474119,-2.121934664474119,-23.927310416666664,-23.927310416666657,-37.27649583333335,-37.27649583333336,0.0,0.023405291291387707,0.0,4.875801431569062e-10,0.0,1.9504147310721426e-09,-24.0,-24.0,0.0,-0.008986052534210687
769,7.364583333333333,5150.038913667487,0.0,0.0,-22.16960520833333,-22.16960520833333,-44.33921041666666,-44.33921041666666,-2.1066351651879196,-2.1066351651879196,-23.790698958333333,-23.790698958333326,-37.839210416666646,-37.83921041666665,0.0,0.022844966575273167,0.0,4.759075295393833e-10,0.0,1.9037217151510858e-09,-24.0,-24.0,0.0,-0.009641930836064424
770,7.375,5187.3582186040385,0.0,0.0,-22.2009625,-22.2009625,-44.401925,-44.401925,-2.0913356659017195,-2.0913356659017195,-23.6540875,-23.654087499999992,-38.401925,-38.401925000000006,0.0,0.022284641859158585,0.0,4.6423491592185943e-10,0.0,1.8570286992300249e-09,-24.0,-24.0,0.0,-0.010297809137918218
771,7.385416666666667,5224.947954608063,0.0,0.0,-22.23231979166667,-22.23231979166667,-44.46463958333334,-44.46463958333334,-2.076036166615519,-2.076036166615519,-23.517476041666665,-23.517476041666658,-38.96463958333335,-38.96463958333336,0.0,0.021724317143044,0.0,4.525623023043356e-10,0.0,1.8103356833089644e-09,-24.0,-24.0,0.0,-0.010953687439772009
772,7.395833333333333,5262.81008133455,0.0,0.0,-22.26367708333333,-22.26367708333333,-44.52735416666666,-44.52735416666666,-2.0607366673293197,-2.0607366673293197,-23.380864583333334,-23.380864583333327,-39.52735416666665,-39.527354166666655,0.0,0.02116399242692946,0.0,4.4088968868681276e-10,0.0,1.7636426673879076e-09,-24.0,-24.0,0.0,-0.011609565741625747
773,7.40625,5300.946572638965,0.0,0.0,-22.295034375,-22.295034375,-44.59006875,-44.59006875,-2.0454371680431196,-2.0454371680431196,-23.244253125,-23.244253124999993,-40.09006875,-40.09006875000001,0.0,0.02060366771081488,0.0,4.292170750692889e-10,0.0,1.7169496514668467e-09,-24.0,-24.0,0.0,-0.012265444043479541
774,7.416666666666667,5339.359416680139,0.0,0.0,-22.326391666666666,-22.326391666666666,-44.65278333333333,-44.65278333333333,-2.030137668756919,-2.030137668756919,-23.107641666666662,-23.107641666666655,-40.652783333333346,-40.65278333333335,0.0,0.020043342994700293,0.0,4.175444614517651e-10,0.0,1.6702566355457862e-09,-24.0,-24.0,0.0,-0.012921322345333332
775,7.427083333333333,5378.050616023916,0.0,0.0,-22.35774895833333,-22.35774895833333,-44.71549791666666,-44.71549791666666,-2.01483816947072,-2.01483816947072,-22.971030208333335,-22.97103020833333,-41.21549791666665,-41.215497916666656,0.0,0.019483018278585756,0.0,4.0587184783424226e-10,0.0,1.6235636196247294e-09,-24.0,-24.0,0.0,-0.013577200647187069
776,7.4375,5417.022187747571,0.0,0.0,-22.389106249999998,-22.389106249999998,-44.778212499999995,-44.778212499999995,-1.9995386701845193,-1.9995386701845193,-22.834418749999998,-22.83441874999999,-41.778212499999995,-41.7782125,0.0,0.01892269356247117,0.0,3.941992342167184e-10,0.0,1.5768706037036689e-09,-24.0,-24.0,0.0,-0.014233078949040863
777,7.447916666666667,5456.2761635449415,0.0,0.0,-22.420463541666667,-22.420463541666667,-44.840927083333334,-44.840927083333334,-1.9842391708983187,-1.9842391708983187,-22.697807291666663,-22.697807291666656,-42.34092708333335,-42.340927083333355,0.0,0.018362368846356586,0.0,3.825266205991946e-10,0.0,1.530177587782608e-09,-24.0,-24.0,0.0,-0.014888957250894654
778,7.458333333333333,5495.8145898323555,0.0,0.0,-22.45182083333333,-22.45182083333333,-44.90364166666666,-44.90364166666666,-1.9689396716121197,-1.9689396716121197,-22.561195833333333,-22.56119583333333,-42.903641666666644,-42.90364166666665,0.0,0.01780204413024205,0.0,3.708540069816717e-10,0.0,1.4834845718615512e-09,-24.0,-24.0,0.0,-0.015544835552748392
779,7.46875,5535.639527855328,0.0,0.0,-22.483178125,-22.483178125,-44.96635625,-44.96635625,-1.9536401723259194,-1.9536401723259194,-22.424584375,-22.424584374999995,-43.46635625,-43.466356250000004,0.0,0.017241719414127464,0.0,3.591813933641479e-10,0.0,1.4367915559404907e-09,-24.0,-24.0,0.0,-0.016200713854602186
780,7.479166666666667,5575.753053795998,0.0,0.0,-22.514535416666668,-22.514535416666668,-45.029070833333336,-45.029070833333336,-1.9383406730397188,-1.9383406730397188,-22.287972916666664,-22.287972916666657,-44.02907083333335,-44.02907083333336,0.0,0.016681394698012882,0.0,3.4750877974662405e-10,0.0,1.3900985400194302e-09,-24.0,-24.0,0.0,-0.01685659215645598
781,7.489583333333333,5616.157258881378,0.0,0.0,-22.545892708333334,-22.545892708333334,-45.09178541666667,-45.09178541666667,-1.9230411737535198,-1.9230411737535198,-22.151361458333337,-22.151361458333334,-44.59178541666665,-44.59178541666666,0.0,0.016121069981898342,0.0,3.358361661291012e-10,0.0,1.3434055240983734e-09,-24.0,-24.0,0.0,-0.017512470458309712
782,7.5,5656.85424949238,0.0,0.0,-22.57725,-22.57725,-45.1545,-45.1545,-1.9077416744673192,-1.9077416744673192,-22.01475,-22.014749999999996,-45.1545,-45.154500000000006,0.0,0.015560745265783759,0.0,3.241635525115774e-10,0.0,1.2967125081773125e-09,-24.0,-24.0,0.0,-0.01816834876016351
783,7.510416666666667,5697.8461472736135,0.0,0.0,-22.608607291666665,-22.608607291666665,-45.21721458333333,-45.21721458333333,-1.8924421751811187,-1.8924421751811187,-21.87813854166666,-21.878138541666655,-45.717214583333345,-45.71721458333335,0.0,0.015000420549669175,0.0,3.1249093889405355e-10,0.0,1.250019492256252e-09,-24.0,-24.0,0.0,-0.0188242270620173
784,7.520833333333333,5739.135089244,0.0,0.0,-22.63996458333333,-22.63996458333333,-45.27992916666666,-45.27992916666666,-1.8771426758949197,-1.8771426758949197,-21.741527083333335,-21.74152708333333,-46.27992916666665,-46.279929166666655,0.0,0.014440095833554635,0.0,3.008183252765307e-10,0.0,1.2033264763351952e-09,-24.0,-24.0,0.0,-0.019480105363871035
785,7.53125,5780.723227908186,0.0,0.0,-22.671321875,-22.671321875,-45.34264375,-45.34264375,-1.8618431766087191,-1.8618431766087191,-21.604915625,-21.604915624999997,-46.84264375,-46.84264375000001,0.0,0.013879771117440052,0.0,2.891457116590069e-10,0.0,1.1566334604141343e-09,-24.0,-24.0,0.0,-0.02013598366572483
786,7.541666666666667,5822.612731368751,0.0,0.0,-22.70267916666667,-22.70267916666667,-45.40535833333334,-45.40535833333334,-1.8465436773225188,-1.8465436773225188,-21.468304166666666,-21.46830416666666,-47.40535833333335,-47.40535833333336,0.0,0.013319446401325468,0.0,2.7747309804148305e-10,0.0,1.1099404444930737e-09,-24.0,-24.0,0.0,-0.020791861967578623
787,7.552083333333333,5864.805783439233,0.0,0.0,-22.734036458333332,-22.734036458333332,-45.468072916666664,-45.468072916666664,-1.8312441780363198,-1.8312441780363198,-21.331692708333335,-21.331692708333332,-47.96807291666665,-47.96807291666666,0.0,0.012759121685210931,0.0,2.6580048442396015e-10,0.0,1.0632474285720172e-09,-24.0,-24.0,0.0,-0.02144774026943236
788,7.5625,5907.3045837579975,0.0,0.0,-22.76539375,-22.76539375,-45.5307875,-45.5307875,-1.8159446787501192,-1.8159446787501192,-21.19508125,-21.195081249999998,-48.5307875,-48.53078750000001,0.0,0.012198796969096344,0.0,2.541278708064363e-10,0.0,1.0165544126509565e-09,-24.0,-24.0,0.0,-0.022103618571286152
789,7.572916666666667,5950.1113479028845,0.0,0.0,-22.796751041666667,-22.796751041666667,-45.593502083333334,-45.593502083333334,-1.8006451794639187,-1.8006451794639187,-21.058469791666663,-21.05846979166666,-49.09350208333335,-49.093502083333355,0.0,0.011638472252981761,0.0,2.424552571889125e-10,0.0,9.698613967298957e-10,-24.0,-24.0,0.0,-0.022759496873139946
790,7.583333333333333,5993.228307506725,0.0,0.0,-22.828108333333333,-22.828108333333333,-45.656216666666666,-45.656216666666666,-1.7853456801777197,-1.7853456801777197,-20.921858333333336,-20.921858333333333,-49.65621666666665,-49.65621666666666,0.0,0.011078147536867224,0.0,2.3078264357138965e-10,0.0,9.23168380808839e-10,-24.0,-24.0,0.0,-0.02341537517499368
791,7.59375,6036.657710373692,0.0,0.0,-22.859465625,-22.859465625,-45.71893125,-45.71893125,-1.770046180891519,-1.770046180891519,-20.785246875,-20.785246874999995,-50.21893125,-50.21893125,0.0,0.01051782282075264,0.0,2.1911002995386582e-10,0.0,8.764753648877783e-10,-24.0,-24.0,0.0,-0.024071253476847475
792,7.604166666666667,6080.40182059646,0.0,0.0,-22.890822916666668,-22.890822916666668,-45.781645833333336,-45.781645833333336,-1.7547466816053188,-1.7547466816053188,-20.648635416666664,-20.64863541666666,-50.78164583333335,-50.78164583333336,0.0,0.009957498104638057,0.0,2.0743741633634197e-10,0.0,8.297823489667175e-10,-24.0,-24.0,0.0,-0.02472713177870127
793,7.614583333333333,6124.4629186742595,0.0,0.0,-22.92218020833333,-22.92218020833333,-45.84436041666666,-45.84436041666666,-1.7394471823191195,-1.7394471823191195,-20.512023958333334,-20.51202395833333,-51.344360416666646,-51.344360416666646,0.0,0.009397173388523517,0.0,1.9576480271881912e-10,0.0,7.830893330456608e-10,-24.0,-24.0,0.0,-0.025383010080555005
794,7.625,6168.843301631763,0.0,0.0,-22.9535375,-22.9535375,-45.907075,-45.907075,-1.7241476830329192,-1.7241476830329192,-20.3754125,-20.375412499999996,-51.907075,-51.907075000000006,0.0,0.008836848672408934,0.0,1.840921891012953e-10,0.0,7.363963171246003e-10,-24.0,-24.0,0.0,-0.026038888382408795
795,7.635416666666667,6213.545283138823,0.0,0.0,-22.984894791666665,-22.984894791666665,-45.96978958333333,-45.96978958333333,-1.7088481837467187,-1.7088481837467187,-20.23880104166666,-20.238801041666658,-52.469789583333345,-52.46978958333335,0.0,0.00827652395629435,0.0,1.7241957548377147e-10,0.0,6.897033012035395e-10,-24.0,-24.0,0.0,-0.026694766684262586
796,7.645833333333333,6258.571193631095,0.0,0.0,-23.01625208333333,-23.01625208333333,-46.03250416666666,-46.03250416666666,-1.6935486844605196,-1.6935486844605196,-20.102189583333335,-20.102189583333335,-53.03250416666665,-53.032504166666655,0.0,0.007716199240179813,0.0,1.6074696186624862e-10,0.0,6.430102852824828e-10,-24.0,-24.0,0.0,-0.027350644986116328
797,7.65625,6303.923380431546,0.0,0.0,-23.047609375,-23.047609375,-46.09521875,-46.09521875,-1.678249185174319,-1.678249185174319,-19.965578125,-19.965578125,-53.59521875,-53.59521875,0.0,0.007155874524065227,0.0,1.4907434824872477e-10,0.0,5.963172693614222e-10,-24.0,-24.0,0.0,-0.028006523287970122
798,7.666666666666667,6349.6042078728,0.0,0.0,-23.078966666666666,-23.078966666666666,-46.15793333333333,-46.15793333333333,-1.6629496858881185,-1.6629496858881185,-19.828966666666663,-19.82896666666666,-54.15793333333335,-54.15793333333335,0.0,0.006595549807950643,0.0,1.3740173463120094e-10,0.0,5.496242534403614e-10,-24.0,-24.0,0.0,-0.02866240158982391
799,7.677083333333333,6395.616057420408,0.0,0.0,-23.110323958333332,-23.110323958333332,-46.220647916666664,-46.220647916666664,-1.6476501866019198,-1.6476501866019198,-19.692355208333336,-19.692355208333336,-54.72064791666665,-54.72064791666665,0.0,0.0060352250918361055,0.0,1.257291210136781e-10,0.0,5.029312375193047e-10,-24.0,-24.0,0.0,-0.02931827989167765
800,7.6875,6441.9613277970175,0.0,0.0,-23.14168125,-23.14168125,-46.2833625,-46.2833625,-1.6323506873157192,-1.6323506873157192,-19.55574375,-19.55574375,-55.2833625,-55.28336250000001,0.0,0.005474900375721522,0.0,1.1405650739615427e-10,0.0,4.5623822159824395e-10,-24.0,-24.0,0.0,-0.029974158193531445
801,7.697916666666667,6488.642435107395,0.0,0.0,-23.17303854166667,-23.17303854166667,-46.34607708333334,-46.34607708333334,-1.6170511880295186,-1.6170511880295186,-19.419132291666667,-19.419132291666664,-55.846077083333356,-55.846077083333356,0.0,0.004914575659606938,0.0,1.0238389377863041e-10,0.0,4.0954520567718324e-10,-24.0,-24.0,0.0,-0.030630036495385232
802,7.708333333333333,6535.661812964398,0.0,0.0,-23.204395833333333,-23.204395833333333,-46.408791666666666,-46.408791666666666,-1.6017516887433196,-1.6017516887433196,-19.282520833333336,-19.282520833333336,-56.40879166666665,-56.40879166666666,0.0,0.004354250943492401,0.0,9.071128016110757e-11,0.0,3.6285218975612666e-10,-24.0,-24.0,0.0,-0.031285914797238974
803,7.71875,6583.02191261586,0.0,0.0,-23.235753125000002,-23.235753125000002,-46.471506250000004,-46.471506250000004,-1.586452189457119,-1.586452189457119,-19.145909375000002,-19.145909375000002,-56.971506250000004,-56.971506250000004,0.0,0.0037939262273778158,0.0,7.903866654358374e-11,0.0,3.1615917383506595e-10,-24.0,-24.0,0.0,-0.031941793099092765
804,7.729166666666667,6630.725203072351,0.0,0.0,-23.267110416666668,-23.267110416666668,-46.534220833333336,-46.534220833333336,-1.5711526901709187,-1.5711526901709187,-19.00929791666666,-19.00929791666666,-57.53422083333335,-57.53422083333335,0.0,0.0032336015112632305,0.0,6.736605292605989e-11,0.0,2.6946615791400524e-10,-24.0,-24.0,0.0,-0.03259767140094656
805,7.739583333333333,6678.774171235913,0.0,0.0,-23.298467708333334,-23.298467708333334,-46.59693541666667,-46.59693541666667,-1.5558531908847195,-1.5558531908847195,-18.87268645833334,-18.872686458333337,-58.09693541666665,-58.09693541666665,0.0,0.002673276795148694,0.0,5.569343930853707e-11,0.0,2.2277314199294845e-10,-24.0,-24.0,0.0,-0.0332535497028003
806,7.75,6727.171322029716,0.0,0.0,-23.329825,-23.329825,-46.65965,-46.65965,-1.540553691598519,-1.540553691598519,-18.736075,-18.736075,-58.65965,-58.65965,0.0,0.0021129520790341104,0.0,4.402082569101324e-11,0.0,1.7608012607188785e-10,-24.0,-24.0,0.0,-0.03390942800465409
807,7.760416666666667,6775.919178528624,0.0,0.0,-23.361182291666665,-23.361182291666665,-46.72236458333333,-46.72236458333333,-1.5252541923123186,-1.5252541923123186,-18.59946354166666,-18.59946354166666,-59.222364583333345,-59.222364583333345,0.0,0.0015526273629195252,0.0,3.234821207348941e-11,0.0,1.2938711015082713e-10,-24.0,-24.0,0.0,-0.034565306306507886
808,7.770833333333333,6825.020282090742,0.0,0.0,-23.39253958333333,-23.39253958333333,-46.78507916666666,-46.78507916666666,-1.5099546930261196,-1.5099546930261196,-18.46285208333334,-18.462852083333335,-59.78507916666665,-59.78507916666665,0.0,0.0009923026468049885,0.0,2.0675598455966567e-11,0.0,8.269409422977046e-11,-24.0,-24.0,0.0,-0.035221184608361614
809,7.78125,6874.477192489911,0.0,0.0,-23.423896874999997,-23.423896874999997,-46.847793749999994,-46.847793749999994,-1.494655193739919,-1.494655193739919,-18.326240624999997,-18.326240624999997,-60.347793749999994,-60.347793749999994,0.0,0.00043197793069040327,0.0,9.002984838442714e-12,0.0,3.6001078308709744e-11,-24.0,-24.0,0.0,-0.03587706291021541
810,7.791666666666667,6924.2924880491455,0.0,0.0,-23.455254166666666,-23.455254166666666,-46.91050833333333,-46.91050833333333,-1.4793556944537185,-1.4793556944537185,-18.189629166666663,-18.189629166666663,-60.91050833333335,-60.91050833333335,0.0,-0.00012834678542418196,0.0,-2.669628779081114e-12,0.0,-1.0691937612350968e-11,-24.0,-24.0,0.0,-0.03653294121206921
811,7.802083333333333,6974.468765775044,0.0,0.0,-23.48661145833333,-23.48661145833333,-46.97322291666666,-46.97322291666666,-1.4640561951675195,-1.4640561951675195,-18.053017708333336,-18.053017708333336,-61.47322291666664,-61.47322291666664,0.0,-0.0006886715015387186,0.0,-1.434224239660396e-11,0.0,-5.738495353340775e-11,-24.0,-24.0,0.0,-0.03718881951392294
812,7.8125,7025.0086414931975,0.0,0.0,-23.517968749999998,-23.517968749999998,-47.035937499999996,-47.035937499999996,-1.4487566958813192,-1.4487566958813192,-17.916406249999998,-17.916406249999998,-62.035937499999996,-62.035937499999996,0.0,-0.0012489962176533021,0.0,-2.6014856014127813e-11,0.0,-1.0407796945446836e-10,-24.0,-24.0,0.0,-0.037844697815776734
813,7.822916666666667,7075.914749984541,0.0,0.0,-23.549326041666667,-23.549326041666667,-47.098652083333334,-47.098652083333334,-1.4334571965951186,-1.4334571965951186,-17.77979479166666,-17.779794791666664,-62.59865208333335,-62.59865208333335,0.0,-0.0018093209337678882,0.0,-3.768746963165164e-11,0.0,-1.5077098537552907e-10,-24.0,-24.0,0.0,-0.038500576117630525
814,7.833333333333333,7127.189745122713,0.0,0.0,-23.58068333333333,-23.58068333333333,-47.16136666666666,-47.16136666666666,-1.4181576973089194,-1.4181576973089194,-17.643183333333333,-17.643183333333333,-63.161366666666645,-63.161366666666645,0.0,-0.002369645649882424,0.0,-4.9360083249174486e-11,0.0,-1.9746400129658585e-10,-24.0,-24.0,0.0,-0.03915645441948426
815,7.84375,7178.836300012429,0.0,0.0,-23.612040625,-23.612040625,-47.22408125,-47.22408125,-1.402858198022719,-1.402858198022719,-17.506571875,-17.506571875,-63.72408125,-63.72408125,0.0,-0.0029299703659970084,0.0,-6.103269686669831e-11,0.0,-2.4415701721764656e-10,-24.0,-24.0,0.0,-0.03981233272133806
816,7.854166666666667,7230.857107128809,0.0,0.0,-23.643397916666665,-23.643397916666665,-47.28679583333333,-47.28679583333333,-1.3875586987365185,-1.3875586987365185,-17.369960416666657,-17.36996041666666,-64.28679583333334,-64.28679583333334,0.0,-0.0034902950821115945,0.0,-7.270531048422217e-11,0.0,-2.9085003313870717e-10,-24.0,-24.0,0.0,-0.04046821102319185
817,7.864583333333333,7283.254878457761,0.0,0.0,-23.67475520833333,-23.67475520833333,-47.34951041666666,-47.34951041666666,-1.3722591994503195,-1.3722591994503195,-17.233348958333337,-17.233348958333337,-64.84951041666665,-64.84951041666665,0.0,-0.00405061979822613,0.0,-8.437792410174499e-11,0.0,-3.3754304905976385e-10,-24.0,-24.0,0.0,-0.04112408932504558
818,7.875,7336.03234563737,0.0,0.0,-23.7061125,-23.7061125,-47.412225,-47.412225,-1.356959700164119,-1.356959700164119,-17.0967375,-17.096737500000003,-65.412225,-65.412225,0.0,-0.004610944514340715,0.0,-9.605053771926883e-11,0.0,-3.8423606498082456e-10,-24.0,-24.0,0.0,-0.04177996762689938
819,7.885416666666667,7389.192260100285,0.0,0.0,-23.737469791666665,-23.737469791666665,-47.47493958333333,-47.47493958333333,-1.3416602008779184,-1.3416602008779184,-16.960126041666662,-16.960126041666662,-65.97493958333334,-65.97493958333334,0.0,-0.005171269230455299,0.0,-1.0772315133679265e-10,0.0,-4.309290809018853e-10,-24.0,-24.0,0.0,-0.04243584592875317
820,7.895833333333333,7442.737393217171,0.0,0.0,-23.76882708333333,-23.76882708333333,-47.53765416666666,-47.53765416666666,-1.3263607015917196,-1.3263607015917196,-16.823514583333335,-16.82351458333334,-66.53765416666664,-66.53765416666664,0.0,-0.0057315939465698365,0.0,-1.1939576495431551e-10,0.0,-4.776220968229421e-10,-24.0,-24.0,0.0,-0.043091724230606906
821,7.90625,7496.6705364412,0.0,0.0,-23.800184375,-23.800184375,-47.60036875,-47.60036875,-1.311061202305519,-1.311061202305519,-16.686903125,-16.686903125000004,-67.10036875,-67.10036875,0.0,-0.006291918662684421,0.0,-1.3106837857183934e-10,0.0,-5.243151127440027e-10,-24.0,-24.0,0.0,-0.0437476025324607
822,7.916666666666667,7550.994501453549,0.0,0.0,-23.831541666666666,-23.831541666666666,-47.66308333333333,-47.66308333333333,-1.2957617030193185,-1.2957617030193185,-16.55029166666666,-16.550291666666663,-67.66308333333335,-67.66308333333335,0.0,-0.006852243378799005,0.0,-1.4274099218936317e-10,0.0,-5.710081286650634e-10,-24.0,-24.0,0.0,-0.044403480834314495
823,7.927083333333333,7605.7121203100005,0.0,0.0,-23.862898958333332,-23.862898958333332,-47.725797916666664,-47.725797916666664,-1.2804622037331195,-1.2804622037331195,-16.41368020833334,-16.41368020833334,-68.22579791666665,-68.22579791666665,0.0,-0.007412568094913543,0.0,-1.5441360580688601e-10,0.0,-6.177011445861201e-10,-24.0,-24.0,0.0,-0.04505935913616823
824,7.9375,7660.82624558859,0.0,0.0,-23.894256249999998,-23.894256249999998,-47.788512499999996,-47.788512499999996,-1.265162704446919,-1.265162704446919,-16.277068749999998,-16.27706875,-68.7885125,-68.7885125,0.0,-0.007972892811028127,0.0,-1.6608621942440984e-10,0.0,-6.643941605071808e-10,-24.0,-24.0,0.0,-0.04571523743802202
825,7.947916666666667,7716.339750538295,0.0,0.0,-23.925613541666667,-23.925613541666667,-47.851227083333335,-47.851227083333335,-1.2498632051607184,-1.2498632051607184,-16.140457291666664,-16.140457291666664,-69.35122708333336,-69.35122708333336,0.0,-0.00853321752714271,0.0,-1.777588330419337e-10,0.0,-7.110871764282415e-10,-24.0,-24.0,0.0,-0.04637111573987582
826,7.958333333333333,7772.255529228845,0.0,0.0,-23.956970833333333,-23.956970833333333,-47.913941666666666,-47.913941666666666,-1.2345637058745194,-1.2345637058745194,-16.003845833333337,-16.00384583333334,-69.91394166666666,-69.91394166666666,0.0,-0.009093542243257249,0.0,-1.8943144665945654e-10,0.0,-7.577801923492982e-10,-24.0,-24.0,0.0,-0.04702699404172955
827,7.96875,7828.5764967016,0.0,0.0,-23.988328125,-23.988328125,-47.97665625,-47.97665625,-1.219264206588319,-1.219264206588319,-15.867234374999999,-15.867234375000002,-70.47665624999999,-70.47665624999999,0.0,-0.009653866959371833,0.0,-2.0110406027698037e-10,0.0,-8.044732082703589e-10,-24.0,-24.0,0.0,-0.047682872343583343
828,7.979166666666667,7885.305589121503,0.0,0.0,-24.01968541666667,-24.01968541666667,-48.03937083333334,-48.03937083333334,-1.2039647073021185,-1.2039647073021185,-15.730622916666665,-15.730622916666668,-71.03937083333335,-71.03937083333335,0.0,-0.010214191675486418,0.0,-2.1277667389450422e-10,0.0,-8.511662241914196e-10,-24.0,-24.0,0.0,-0.04833875064543714
829,7.989583333333333,7942.44576393015,0.0,0.0,-24.05104270833333,-24.05104270833333,-48.10208541666666,-48.10208541666666,-1.1886652080159195,-1.1886652080159195,-15.594011458333334,-15.594011458333338,-71.60208541666665,-71.60208541666665,0.0,-0.010774516391600956,0.0,-2.2444928751202707e-10,0.0,-8.978592401124763e-10,-24.0,-24.0,0.0,-0.04899462894729087
830,8.0,8000.0,0.0,0.0,-24.0824,-24.0824,-48.1648,-48.1648,-1.173365708729719,-1.173365708729719,-15.4574,-15.457400000000003,-72.1648,-72.1648,0.0,-0.01133484110771554,0.0,-2.361219011295509e-10,0.0,-9.44552256033537e-10,-24.0,-24.0,0.0,-0.04965050724914467
831,8.010416666666666,8057.971297789628,0.0,0.0,-24.113757291666666,-24.113757291666666,-48.22751458333333,-48.22751458333333,-1.161143149263785,-1.161143149263785,-15.680163541666655,-15.680163541666658,-71.72751458333336,-71.72751458333336,0.0,-0.011186738254597864,0.0,-2.330366944726131e-10,0.0,-9.3221058465871e-10,-24.0,-24.0,0.0,-0.047203228847927
832,8.020833333333334,8116.362679500192,0.0,0.0,-24.145114583333335,-24.145114583333335,-48.29022916666667,-48.29022916666667,-1.1489205897978492,-1.1489205897978492,-15.902927083333346,-15.90292708333335,-71.29022916666665,-71.29022916666665,0.0,-0.011038635401480163,0.0,-2.2995148781567471e-10,0.0,-9.198689132838809e-10,-24.0,-24.0,0.0,-0.04475595044670891
833,8.03125,8175.177189232933,0.0,0.0,-24.176471875,-24.176471875,-48.35294375,-48.35294375,-1.1366980303319152,-1.1366980303319152,-16.125690625,-16.125690625000004,-70.85294375000001,-70.85294375000001,0.0,-0.010890532548362485,0.0,-2.2686628115873692e-10,0.0,-9.075272419090539e-10,-24.0,-24.0,0.0,-0.04230867204549124
834,8.041666666666666,8234.417893147933,0.0,0.0,-24.207829166666663,-24.207829166666663,-48.415658333333326,-48.415658333333326,-1.1244754708659812,-1.1244754708659812,-16.348454166666652,-16.348454166666656,-70.41565833333335,-70.41565833333335,0.0,-0.01074242969524481,0.0,-2.237810745017991e-10,0.0,-8.95185570534227e-10,-24.0,-24.0,0.0,-0.039861393644273574
835,8.052083333333334,8294.087879623932,0.0,0.0,-24.239186458333336,-24.239186458333336,-48.47837291666667,-48.47837291666667,-1.1122529114000455,-1.1122529114000455,-16.571217708333347,-16.57121770833335,-69.97837291666664,-69.97837291666664,0.0,-0.010594326842127107,0.0,-2.2069586784486077e-10,0.0,-8.828438991593979e-10,-24.0,-24.0,0.0,-0.03741411524305548
836,8.0625,8354.19025941931,0.0,0.0,-24.270543749999998,-24.270543749999998,-48.541087499999996,-48.541087499999996,-1.1000303519341115,-1.1000303519341115,-16.793981249999998,-16.79398125,-69.5410875,-69.5410875,0.0,-0.01044622398900943,0.0,-2.1761066118792292e-10,0.0,-8.70502227784571e-10,-24.0,-24.0,0.0,-0.034966836841837816
837,8.072916666666666,8414.728165834313,0.0,0.0,-24.301901041666664,-24.301901041666664,-48.60380208333333,-48.60380208333333,-1.0878077924681775,-1.0878077924681775,-17.016744791666653,-17.016744791666657,-69.10380208333336,-69.10380208333336,0.0,-0.010298121135891755,0.0,-2.145254545309851e-10,0.0,-8.58160556409744e-10,-24.0,-24.0,0.0,-0.03251955844062014
838,8.083333333333334,8475.704754874367,0.0,0.0,-24.333258333333333,-24.333258333333333,-48.666516666666666,-48.666516666666666,-1.0755852330022417,-1.0755852330022417,-17.239508333333344,-17.239508333333347,-68.66651666666664,-68.66651666666664,0.0,-0.010150018282774053,0.0,-2.114402478740468e-10,0.0,-8.45818885034915e-10,-24.0,-24.0,0.0,-0.030072280039402058
839,8.09375,8537.12320541459,0.0,0.0,-24.364615625,-24.364615625,-48.72923125,-48.72923125,-1.0633626735363078,-1.0633626735363078,-17.462271875,-17.462271875000003,-68.22923125,-68.22923125,0.0,-0.010001915429656375,0.0,-2.0835504121710898e-10,0.0,-8.33477213660088e-10,-24.0,-24.0,0.0,-0.027625001638184394
840,8.104166666666666,8598.986719365568,0.0,0.0,-24.395972916666665,-24.395972916666665,-48.79194583333333,-48.79194583333333,-1.0511401140703738,-1.0511401140703738,-17.685035416666654,-17.685035416666658,-67.79194583333336,-67.79194583333336,0.0,-0.009853812576538699,0.0,-2.0526983456017116e-10,0.0,-8.21135542285261e-10,-24.0,-24.0,0.0,-0.02517772323696672
841,8.114583333333334,8661.298521840254,0.0,0.0,-24.427330208333334,-24.427330208333334,-48.85466041666667,-48.85466041666667,-1.038917554604438,-1.038917554604438,-17.907798958333345,-17.90779895833335,-67.35466041666663,-67.35466041666663,0.0,-0.009705709723420998,0.0,-2.021846279032328e-10,0.0,-8.087938709104319e-10,-24.0,-24.0,0.0,-0.022730444835748636
842,8.125,8724.061861322061,0.0,0.0,-24.4586875,-24.4586875,-48.917375,-48.917375,-1.026694995138504,-1.026694995138504,-18.1305625,-18.130562500000003,-66.91737499999999,-66.91737499999999,0.0,-0.00955760687030332,0.0,-1.9909942124629498e-10,0.0,-7.964521995356049e-10,-24.0,-24.0,0.0,-0.02028316643453097
843,8.135416666666666,8787.28000983429,0.0,0.0,-24.490044791666662,-24.490044791666662,-48.980089583333324,-48.980089583333324,-1.01447243567257,-1.01447243567257,-18.35332604166665,-18.353326041666655,-66.48008958333335,-66.48008958333335,0.0,-0.009409504017185644,0.0,-1.9601421458935718e-10,0.0,-7.841105281607779e-10,-24.0,-24.0,0.0,-0.017835888033313294
844,8.145833333333334,8850.956263110671,0.0,0.0,-24.521402083333335,-24.521402083333335,-49.04280416666667,-49.04280416666667,-1.0022498762066343,-1.0022498762066343,-18.576089583333346,-18.57608958333335,-66.04280416666664,-66.04280416666664,0.0,-0.009261401164067942,0.0,-1.9292900793241882e-10,0.0,-7.717688567859489e-10,-24.0,-24.0,0.0,-0.01538860963209521
845,8.15625,8915.09394076714,0.0,0.0,-24.552759375,-24.552759375,-49.10551875,-49.10551875,-0.9900273167407003,-0.9900273167407003,-18.798853125,-18.798853125000004,-65.60551875,-65.60551875,0.0,-0.009113298310950266,0.0,-1.89843801275481e-10,0.0,-7.59427185411122e-10,-24.0,-24.0,0.0,-0.012941331230877543
846,8.166666666666666,8979.696386474981,0.0,0.0,-24.584116666666663,-24.584116666666663,-49.168233333333326,-49.168233333333326,-0.9778047572747665,-0.9778047572747665,-19.021616666666652,-19.021616666666656,-65.16823333333335,-65.16823333333335,0.0,-0.00896519545783259,0.0,-1.8675859461854319e-10,0.0,-7.47085514036295e-10,-24.0,-24.0,0.0,-0.010494052829659872
847,8.177083333333334,9044.766968135089,0.0,0.0,-24.615473958333332,-24.615473958333332,-49.230947916666665,-49.230947916666665,-0.9655821978088305,-0.9655821978088305,-19.244380208333343,-19.244380208333347,-64.73094791666664,-64.73094791666664,0.0,-0.008817092604714888,0.0,-1.8367338796160485e-10,0.0,-7.34743842661466e-10,-24.0,-24.0,0.0,-0.008046774428441789
848,8.1875,9110.309078053533,0.0,0.0,-24.646831249999998,-24.646831249999998,-49.293662499999996,-49.293662499999996,-0.9533596383428966,-0.9533596383428966,-19.467143749999998,-19.46714375,-64.2936625,-64.2936625,0.0,-0.00866898975159721,0.0,-1.8058818130466706e-10,0.0,-7.22402171286639e-10,-24.0,-24.0,0.0,-0.005599496027224121
849,8.197916666666666,9176.326133118459,0.0,0.0,-24.678188541666664,-24.678188541666664,-49.35637708333333,-49.35637708333333,-0.9411370788769627,-0.9411370788769627,-19.689907291666653,-19.689907291666657,-63.856377083333356,-63.856377083333356,0.0,-0.008520886898479536,0.0,-1.775029746477292e-10,0.0,-7.10060499911812e-10,-24.0,-24.0,0.0,-0.003152217626006447
850,8.208333333333334,9242.821574978187,0.0,0.0,-24.709545833333333,-24.709545833333333,-49.41909166666667,-49.41909166666667,-0.9289145194110268,-0.9289145194110268,-19.912670833333344,-19.912670833333348,-63.41909166666664,-63.41909166666664,0.0,-0.008372784045361834,0.0,-1.7441776799079088e-10,0.0,-6.977188285369829e-10,-24.0,-24.0,0.0,-0.0007049392247883632
851,8.21875,9309.79887022062,0.0,0.0,-24.740903125,-24.740903125,-49.48180625,-49.48180625,-0.9166919599450929,-0.9166919599450929,-20.135434375,-20.135434375000003,-62.98180625,-62.98180625,0.0,-0.008224681192244156,0.0,-1.7133256133385306e-10,0.0,-6.853771571621559e-10,-24.0,-24.0,0.0,0.0017423391764293042
852,8.229166666666666,9377.261510554006,0.0,0.0,-24.77226041666666,-24.77226041666666,-49.54452083333332,-49.54452083333332,-0.904469400479159,-0.904469400479159,-20.35819791666665,-20.358197916666654,-62.54452083333335,-62.54452083333335,0.0,-0.00807657833912648,0.0,-1.6824735467691524e-10,0.0,-6.730354857873289e-10,-24.0,-24.0,0.0,0.0041896175776469785
853,8.239583333333334,9445.213012988961,0.0,0.0,-24.803617708333334,-24.803617708333334,-49.60723541666667,-49.60723541666667,-0.892246841013223,-0.892246841013223,-20.580961458333345,-20.58096145833335,-62.10723541666664,-62.10723541666664,0.0,-0.00792847548600878,0.0,-1.6516214801997688e-10,0.0,-6.606938144124999e-10,-24.0,-24.0,0.0,0.006636895978865062
854,8.25,9513.65692002177,0.0,0.0,-24.834975,-24.834975,-49.66995,-49.66995,-0.8800242815472892,-0.8800242815472892,-20.803725,-20.803725000000004,-61.66995,-61.66995,0.0,-0.007780372632891101,0.0,-1.6207694136303908e-10,0.0,-6.483521430376729e-10,-24.0,-24.0,0.0,0.00908417438008273
855,8.260416666666666,9582.596799819135,0.0,0.0,-24.866332291666666,-24.866332291666666,-49.73266458333333,-49.73266458333333,-0.8678017220813553,-0.8678017220813553,-21.026488541666655,-21.02648854166666,-61.23266458333336,-61.23266458333336,0.0,-0.007632269779773425,0.0,-1.5899173470610127e-10,0.0,-6.36010471662846e-10,-24.0,-24.0,0.0,0.011531452781300404
856,8.270833333333334,9652.03624640418,0.0,0.0,-24.89768958333334,-24.89768958333334,-49.79537916666668,-49.79537916666668,-0.8555791626154193,-0.8555791626154193,-21.24925208333335,-21.249252083333353,-60.79537916666665,-60.79537916666665,0.0,-0.007484166926655724,0.0,-1.559065280491629e-10,0.0,-6.236688002880169e-10,-24.0,-24.0,0.0,0.013978731182518488
857,8.28125,9721.978879843751,0.0,0.0,-24.929046875,-24.929046875,-49.85809375,-49.85809375,-0.8433566031494855,-0.8433566031494855,-21.472015625,-21.472015625000004,-60.35809375,-60.35809375,0.0,-0.007336064073538048,0.0,-1.5282132139222509e-10,0.0,-6.1132712891319e-10,-24.0,-24.0,0.0,0.016426009583736155
858,8.291666666666666,9792.428346437237,0.0,0.0,-24.960404166666667,-24.960404166666667,-49.92080833333333,-49.92080833333333,-0.8311340436835516,-0.8311340436835516,-21.694779166666656,-21.69477916666666,-59.92080833333336,-59.92080833333336,0.0,-0.007187961220420371,0.0,-1.4973611473528727e-10,0.0,-5.98985457538363e-10,-24.0,-24.0,0.0,0.01887328798495383
859,8.302083333333334,9863.388318906613,0.0,0.0,-24.991761458333336,-24.991761458333336,-49.98352291666667,-49.98352291666667,-0.8189114842176156,-0.8189114842176156,-21.917542708333347,-21.91754270833335,-59.483522916666644,-59.483522916666644,0.0,-0.007039858367302669,0.0,-1.4665090807834893e-10,0.0,-5.866437861635339e-10,-24.0,-24.0,0.0,0.021320566386171913
860,8.3125,9934.862496587872,0.0,0.0,-25.023118750000002,-25.023118750000002,-50.046237500000004,-50.046237500000004,-0.8066889247516817,-0.8066889247516817,-22.140306250000002,-22.140306250000005,-59.046237500000004,-59.046237500000004,0.0,-0.006891755514184993,0.0,-1.4356570142141111e-10,0.0,-5.743021147887068e-10,-24.0,-24.0,0.0,0.02376784478738958
861,8.322916666666666,10006.854605623961,0.0,0.0,-25.054476041666668,-25.054476041666668,-50.108952083333335,-50.108952083333335,-0.7944663652857479,-0.7944663652857479,-22.363069791666657,-22.36306979166666,-58.608952083333364,-58.608952083333364,0.0,-0.006743652661067316,0.0,-1.404804947644733e-10,0.0,-5.619604434138799e-10,-24.0,-24.0,0.0,0.026215123188607255
862,8.333333333333334,10079.36839915899,0.0,0.0,-25.085833333333337,-25.085833333333337,-50.171666666666674,-50.171666666666674,-0.7822438058198119,-0.7822438058198119,-22.585833333333348,-22.58583333333335,-58.171666666666646,-58.171666666666646,0.0,-0.006595549807949614,0.0,-1.3739528810753496e-10,0.0,-5.496187720390508e-10,-24.0,-24.0,0.0,0.02866240158982534
863,8.34375,10152.407657533866,0.0,0.0,-25.117190625,-25.117190625,-50.23438125,-50.23438125,-0.770021246353878,-0.770021246353878,-22.808596875,-22.808596875000003,-57.73438125,-57.73438125,0.0,-0.006447446954831937,0.0,-1.3431008145059714e-10,0.0,-5.372771006642239e-10,-24.0,-24.0,0.0,0.031109679991043006
864,8.354166666666666,10225.976188483439,0.0,0.0,-25.148547916666665,-25.148547916666665,-50.29709583333333,-50.29709583333333,-0.7577986868879442,-0.7577986868879442,-23.031360416666654,-23.031360416666658,-57.29709583333336,-57.29709583333336,0.0,-0.006299344101714261,0.0,-1.3122487479365935e-10,0.0,-5.24935429289397e-10,-24.0,-24.0,0.0,0.03355695839226068
865,8.364583333333334,10300.077827334979,0.0,0.0,-25.179905208333334,-25.179905208333334,-50.35981041666667,-50.35981041666667,-0.7455761274220082,-0.7455761274220082,-23.254123958333345,-23.25412395833335,-56.85981041666664,-56.85981041666664,0.0,-0.006151241248596559,0.0,-1.2813966813672099e-10,0.0,-5.125937579145679e-10,-24.0,-24.0,0.0,0.03600423679347876
866,8.375,10374.716437208077,0.0,0.0,-25.2112625,-25.2112625,-50.422525,-50.422525,-0.7333535679560743,-0.7333535679560743,-23.4768875,-23.476887500000004,-56.422525,-56.422525,0.0,-0.006003138395478884,0.0,-1.2505446147978317e-10,0.0,-5.00252086539741e-10,-24.0,-24.0,0.0,0.03845151519469643
867,8.385416666666666,10449.895909216119,0.0,0.0,-25.242619791666666,-25.242619791666666,-50.48523958333333,-50.48523958333333,-0.7211310084901404,-0.7211310084901404,-23.699651041666655,-23.69965104166666,-55.98523958333336,-55.98523958333336,0.0,-0.005855035542361207,0.0,-1.2196925482284535e-10,0.0,-4.879104151649139e-10,-24.0,-24.0,0.0,0.0408987935959141
868,8.395833333333334,10525.620162669105,0.0,0.0,-25.273977083333335,-25.273977083333335,-50.54795416666667,-50.54795416666667,-0.7089084490242045,-0.7089084490242045,-23.922414583333346,-23.92241458333335,-55.54795416666664,-55.54795416666664,0.0,-0.005706932689243506,0.0,-1.1888404816590699e-10,0.0,-4.755687437900848e-10,-24.0,-24.0,0.0,0.04334607199713219
869,8.40625,10601.89314527793,0.0,0.0,-25.305334375,-25.305334375,-50.61066875,-50.61066875,-0.6966858895582706,-0.6966858895582706,-24.145178125,-24.145178125,-55.11066875,-55.11066875,0.0,-0.005558829836125829,0.0,-1.1579884150896918e-10,0.0,-4.632270724152579e-10,-24.0,-24.0,0.0,0.045793350398349864
870,8.416666666666666,10678.718833360272,0.0,0.0,-25.336691666666667,-25.336691666666667,-50.673383333333334,-50.673383333333334,-0.6844633300923367,-0.6844633300923367,-24.367941666666656,-24.36794166666666,-54.67338333333336,-54.67338333333336,0.0,-0.0054107269830081526,0.0,-1.1271363485203138e-10,0.0,-4.508854010404309e-10,-24.0,-24.0,0.0,0.04824062879956753
871,8.427083333333334,10756.101232047838,0.0,0.0,-25.368048958333336,-25.368048958333336,-50.73609791666667,-50.73609791666667,-0.6722407706264008,-0.6722407706264008,-24.590705208333347,-24.590705208333347,-54.236097916666644,-54.236097916666644,0.0,-0.00526262412989045,0.0,-1.0962842819509304e-10,0.0,-4.3854372966560183e-10,-24.0,-24.0,0.0,0.05068790720078561
872,8.4375,10834.044375495141,0.0,0.0,-25.39940625,-25.39940625,-50.7988125,-50.7988125,-0.6600182111604669,-0.6600182111604669,-24.81346875,-24.81346875,-53.7988125,-53.7988125,0.0,-0.005114521276772774,0.0,-1.0654322153815522e-10,0.0,-4.2620205829077484e-10,-24.0,-24.0,0.0,0.05313518560200328
873,8.447916666666666,10912.552327089876,0.0,0.0,-25.430763541666664,-25.430763541666664,-50.86152708333333,-50.86152708333333,-0.647795651694533,-0.647795651694533,-25.036232291666654,-25.036232291666657,-53.36152708333336,-53.36152708333336,0.0,-0.004966418423655097,0.0,-1.0345801488121739e-10,0.0,-4.1386038691594796e-10,-24.0,-24.0,0.0,0.05558246400322095
874,8.458333333333334,10991.629179664717,0.0,0.0,-25.462120833333337,-25.462120833333337,-50.924241666666674,-50.924241666666674,-0.635573092228597,-0.635573092228597,-25.258995833333348,-25.25899583333335,-52.924241666666646,-52.924241666666646,0.0,-0.004818315570537396,0.0,-1.0037280822427905e-10,0.0,-4.0151871554111885e-10,-24.0,-24.0,0.0,0.05802974240443904
875,8.46875,11071.279055710656,0.0,0.0,-25.493478125000003,-25.493478125000003,-50.986956250000006,-50.986956250000006,-0.6233505327626632,-0.6233505327626632,-25.481759375000003,-25.481759375000003,-52.486956250000006,-52.486956250000006,0.0,-0.004670212717419719,0.0,-9.728760156734123e-11,0.0,-3.8917704416629186e-10,-24.0,-24.0,0.0,0.060477020805656714
876,8.479166666666666,11151.50610759199,0.0,0.0,-25.524835416666665,-25.524835416666665,-51.04967083333333,-51.04967083333333,-0.6111279732967293,-0.6111279732967293,-25.704522916666654,-25.704522916666654,-52.04967083333336,-52.04967083333336,0.0,-0.004522109864302043,0.0,-9.420239491040343e-11,0.0,-3.768353727914649e-10,-24.0,-24.0,0.0,0.06292429920687437
877,8.489583333333334,11232.314517762763,0.0,0.0,-25.556192708333334,-25.556192708333334,-51.11238541666667,-51.11238541666667,-0.5989054138307933,-0.5989054138307933,-25.927286458333345,-25.92728645833335,-51.61238541666664,-51.61238541666664,0.0,-0.004374007011184341,0.0,-9.111718825346507e-11,0.0,-3.644937014166358e-10,-24.0,-24.0,0.0,0.06537157760809245
878,8.5,11313.70849898476,0.0,0.0,-25.58755,-25.58755,-51.1751,-51.1751,-0.5866828543648595,-0.5866828543648595,-26.15005,-26.15005,-51.1751,-51.1751,0.0,-0.004225904158066665,0.0,-8.803198159652725e-11,0.0,-3.521520300418088e-10,-24.0,-24.0,0.0,0.06781885600931013
879,8.510416666666666,11395.692294547222,0.0,0.0,-25.618907291666666,-25.618907291666666,-51.23781458333333,-51.23781458333333,-0.5744602948989256,-0.5744602948989256,-26.372813541666655,-26.37281354166666,-50.73781458333336,-50.73781458333336,0.0,-0.004077801304948988,0.0,-8.494677493958944e-11,0.0,-3.3981035866698184e-10,-24.0,-24.0,0.0,0.0702661344105278
880,8.520833333333334,11478.270178488006,0.0,0.0,-25.650264583333335,-25.650264583333335,-51.30052916666667,-51.30052916666667,-0.5622377354329896,-0.5622377354329896,-26.595577083333346,-26.595577083333346,-50.30052916666664,-50.30052916666664,0.0,-0.0039296984518312865,0.0,-8.18615682826511e-11,0.0,-3.274686872921528e-10,-24.0,-24.0,0.0,0.0727134128117459
881,8.53125,11561.446455816373,0.0,0.0,-25.681621874999998,-25.681621874999998,-51.363243749999995,-51.363243749999995,-0.5500151759670557,-0.5500151759670557,-26.818340624999998,-26.818340624999998,-49.863243749999995,-49.863243749999995,0.0,-0.0037815955987136095,0.0,-7.877636162571328e-11,0.0,-3.151270159173259e-10,-24.0,-24.0,0.0,0.07516069121296355
882,8.541666666666666,11645.225462737495,0.0,0.0,-25.712979166666663,-25.712979166666663,-51.42595833333333,-51.42595833333333,-0.5377926165011219,-0.5377926165011219,-27.041104166666653,-27.041104166666656,-49.425958333333355,-49.425958333333355,0.0,-0.0036334927455959334,0.0,-7.569115496877546e-11,0.0,-3.027853445424989e-10,-24.0,-24.0,0.0,0.07760796961418122
883,8.552083333333334,11729.611566878473,0.0,0.0,-25.744336458333336,-25.744336458333336,-51.48867291666667,-51.48867291666667,-0.5255700570351859,-0.5255700570351859,-27.263867708333347,-27.263867708333347,-48.988672916666644,-48.988672916666644,0.0,-0.0034853898924782313,0.0,-7.260594831183712e-11,0.0,-2.9044367316766985e-10,-24.0,-24.0,0.0,0.08005524801539932
884,8.5625,11814.609167515995,0.0,0.0,-25.775693750000002,-25.775693750000002,-51.551387500000004,-51.551387500000004,-0.513347497569252,-0.513347497569252,-27.486631250000002,-27.486631250000002,-48.551387500000004,-48.551387500000004,0.0,-0.003337287039360555,0.0,-6.95207416548993e-11,0.0,-2.7810200179284286e-10,-24.0,-24.0,0.0,0.08250252641661698
885,8.572916666666666,11900.222695805762,0.0,0.0,-25.807051041666664,-25.807051041666664,-51.61410208333333,-51.61410208333333,-0.5011249381033182,-0.5011249381033182,-27.709394791666654,-27.709394791666654,-48.11410208333336,-48.11410208333336,0.0,-0.003189184186242878,0.0,-6.643553499796148e-11,0.0,-2.6576033041801587e-10,-24.0,-24.0,0.0,0.08494980481783465
886,8.583333333333334,11986.456615013458,0.0,0.0,-25.838408333333334,-25.838408333333334,-51.67681666666667,-51.67681666666667,-0.4889023786373822,-0.4889023786373822,-27.932158333333344,-27.932158333333344,-47.67681666666664,-47.67681666666664,0.0,-0.003041081333125177,0.0,-6.335032834102315e-11,0.0,-2.534186590431868e-10,-24.0,-24.0,0.0,0.08739708321905273
887,8.59375,12073.315420747384,0.0,0.0,-25.869765625,-25.869765625,-51.73953125,-51.73953125,-0.4766798191714483,-0.4766798191714483,-28.154921875,-28.154921875,-47.23953125,-47.23953125,0.0,-0.0028929784800075,0.0,-6.026512168408533e-11,0.0,-2.410769876683598e-10,-24.0,-24.0,0.0,0.0898443616202704
888,8.604166666666666,12160.803641192913,0.0,0.0,-25.901122916666665,-25.901122916666665,-51.80224583333333,-51.80224583333333,-0.46445725970551444,-0.46445725970551444,-28.377685416666655,-28.377685416666658,-46.80224583333336,-46.80224583333336,0.0,-0.002744875626889824,0.0,-5.7179915027147505e-11,0.0,-2.2873531629353286e-10,-24.0,-24.0,0.0,0.09229164002148807
889,8.614583333333334,12248.925837348526,0.0,0.0,-25.932480208333335,-25.932480208333335,-51.86496041666667,-51.86496041666667,-0.45223470023957846,-0.45223470023957846,-28.600448958333345,-28.600448958333345,-46.36496041666664,-46.36496041666664,0.0,-0.0025967727737721217,0.0,-5.4094708370209156e-11,0.0,-2.1639364491870378e-10,-24.0,-24.0,0.0,0.09473891842270615
890,8.625,12337.686603263526,0.0,0.0,-25.9638375,-25.9638375,-51.927675,-51.927675,-0.4400121407736446,-0.4400121407736446,-28.8232125,-28.8232125,-45.927675,-45.927675,0.0,-0.0024486699206544456,0.0,-5.1009501713271344e-11,0.0,-2.040519735438768e-10,-24.0,-24.0,0.0,0.09718619682392383
891,8.635416666666666,12427.090566277639,0.0,0.0,-25.995194791666663,-25.995194791666663,-51.990389583333325,-51.990389583333325,-0.4277895813077107,-0.4277895813077107,-29.045976041666652,-29.045976041666652,-45.490389583333354,-45.490389583333354,0.0,-0.0023005670675367695,0.0,-4.792429505633353e-11,0.0,-1.9171030216904985e-10,-24.0,-24.0,0.0,0.0996334752251415
892,8.645833333333334,12517.142387262196,0.0,0.0,-26.026552083333335,-26.026552083333335,-52.05310416666667,-52.05310416666667,-0.41556702184177474,-0.41556702184177474,-29.268739583333346,-29.268739583333346,-45.05310416666664,-45.05310416666664,0.0,-0.002152464214419068,0.0,-4.483908839939519e-11,0.0,-1.793686307942208e-10,-24.0,-24.0,0.0,0.10208075362635957
893,8.65625,12607.846760863093,0.0,0.0,-26.057909375,-26.057909375,-52.11581875,-52.11581875,-0.4033444623758409,-0.4033444623758409,-29.491503125,-29.491503125,-44.61581875,-44.61581875,0.0,-0.0020043613613013912,0.0,-4.1753881742457364e-11,0.0,-1.670269594193938e-10,-24.0,-24.0,0.0,0.10452803202757725
894,8.666666666666666,12699.208415745592,0.0,0.0,-26.089266666666667,-26.089266666666667,-52.178533333333334,-52.178533333333334,-0.391121902909907,-0.391121902909907,-29.714266666666656,-29.714266666666656,-44.17853333333336,-44.17853333333336,0.0,-0.0018562585081837145,0.0,-3.866867508551955e-11,0.0,-1.5468528804456682e-10,-24.0,-24.0,0.0,0.10697531042879492
895,8.677083333333334,12791.232114840825,0.0,0.0,-26.120623958333333,-26.120623958333333,-52.241247916666666,-52.241247916666666,-0.378899343443971,-0.378899343443971,-29.937030208333343,-29.937030208333343,-43.74124791666664,-43.74124791666664,0.0,-0.0017081556550660128,0.0,-3.5583468428581204e-11,0.0,-1.4234361666973776e-10,-24.0,-24.0,0.0,0.10942258883001299
896,8.6875,12883.922655594035,0.0,0.0,-26.15198125,-26.15198125,-52.3039625,-52.3039625,-0.36667678397803716,-0.36667678397803716,-30.15979375,-30.15979375,-43.3039625,-43.3039625,0.0,-0.0015600528019483364,0.0,-3.249826177164339e-11,0.0,-1.3000194529491082e-10,-24.0,-24.0,0.0,0.11186986723123069
897,8.697916666666666,12977.28487021478,0.0,0.0,-26.183338541666664,-26.183338541666664,-52.36667708333333,-52.36667708333333,-0.3544542245121033,-0.3544542245121033,-30.382557291666654,-30.382557291666657,-42.86667708333336,-42.86667708333336,0.0,-0.0014119499488306599,0.0,-2.941305511470558e-11,0.0,-1.1766027392008383e-10,-24.0,-24.0,0.0,0.11431714563244834
898,8.708333333333334,13071.323625928804,0.0,0.0,-26.214695833333337,-26.214695833333337,-52.429391666666675,-52.429391666666675,-0.3422316650461673,-0.3422316650461673,-30.605320833333348,-30.605320833333348,-42.429391666666646,-42.429391666666646,0.0,-0.0012638470957129582,0.0,-2.632784845776723e-11,0.0,-1.0531860254525478e-10,-24.0,-24.0,0.0,0.11676442403366645
899,8.71875,13166.04382523172,0.0,0.0,-26.246053125000003,-26.246053125000003,-52.492106250000006,-52.492106250000006,-0.33000910558023344,-0.33000910558023344,-30.828084375000003,-30.828084375000003,-41.992106250000006,-41.992106250000006,0.0,-0.0011157442425952816,0.0,-2.324264180082942e-11,0.0,-9.297693117042779e-11,-24.0,-24.0,0.0,0.1192117024348841
900,8.729166666666666,13261.450406144693,0.0,0.0,-26.27741041666667,-26.27741041666667,-52.55482083333334,-52.55482083333334,-0.3177865461142996,-0.3177865461142996,-31.050847916666658,-31.05084791666666,-41.554820833333366,-41.554820833333366,0.0,-0.0009676413894776051,0.0,-2.0157435143891593e-11,0.0,-8.063525979560085e-11,-24.0,-24.0,0.0,0.12165898083610176
901,8.739583333333334,13357.548342471835,0.0,0.0,-26.308767708333335,-26.308767708333335,-52.61753541666667,-52.61753541666667,-0.3055639866483636,-0.3055639866483636,-31.273611458333345,-31.273611458333345,-41.11753541666664,-41.11753541666664,0.0,-0.0008195385363599034,0.0,-1.707222848695325e-11,0.0,-6.829358842077177e-11,-24.0,-24.0,0.0,0.12410625923731987
902,8.75,13454.342644059432,0.0,0.0,-26.340125,-26.340125,-52.68025,-52.68025,-0.2933414271824297,-0.2933414271824297,-31.496375,-31.496375,-40.68025,-40.68025,0.0,-0.0006714356832422269,0.0,-1.3987021830015439e-11,0.0,-5.5951917045944803e-11,-24.0,-24.0,0.0,0.12655353763853752
903,8.760416666666666,13551.83835705724,0.0,0.0,-26.371482291666666,-26.371482291666666,-52.74296458333333,-52.74296458333333,-0.28111886771649586,-0.28111886771649586,-31.719138541666656,-31.719138541666656,-40.24296458333336,-40.24296458333336,0.0,-0.0005233328301245503,0.0,-1.0901815173077614e-11,0.0,-4.361024567111784e-11,-24.0,-24.0,0.0,0.12900081603975522
904,8.770833333333334,13650.04056418149,0.0,0.0,-26.402839583333332,-26.402839583333332,-52.805679166666664,-52.805679166666664,-0.2688963082505599,-0.2688963082505599,-31.941902083333343,-31.941902083333343,-39.805679166666636,-39.805679166666636,0.0,-0.0003752299770068486,0.0,-7.816608516139278e-12,0.0,-3.126857429628876e-11,-24.0,-24.0,0.0,0.13144809444097327
905,8.78125,13748.954384979823,0.0,0.0,-26.434196874999998,-26.434196874999998,-52.868393749999996,-52.868393749999996,-0.256673748784626,-0.256673748784626,-32.164665625,-32.164665625,-39.368393749999996,-39.368393749999996,0.0,-0.00022712712388917207,0.0,-4.7314018592014595e-12,0.0,-1.8926902921461768e-11,-24.0,-24.0,0.0,0.13389537284219094
906,8.791666666666666,13848.584976098282,0.0,0.0,-26.465554166666664,-26.465554166666664,-52.93110833333333,-52.93110833333333,-0.24445118931869214,-0.24445118931869214,-32.38742916666665,-32.38742916666666,-38.931108333333356,-38.931108333333356,0.0,-7.902427077149552e-05,0.0,-1.6461952022636408e-12,0.0,-6.585231546634805e-12,-24.0,-24.0,0.0,0.13634265124340864
907,8.802083333333334,13948.937531550095,0.0,0.0,-26.496911458333336,-26.496911458333336,-52.99382291666667,-52.99382291666667,-0.23222862985275616,-0.23222862985275616,-32.610192708333344,-32.610192708333344,-38.493822916666645,-38.493822916666645,0.0,6.907858234620617e-05,0.0,1.4390114546747013e-12,0.0,5.756439828194252e-12,-24.0,-24.0,0.0,0.1387899296446267
908,8.8125,14050.017282986395,0.0,0.0,-26.528268750000002,-26.528268750000002,-53.056537500000005,-53.056537500000005,-0.2200060703868223,-0.2200060703868223,-32.83295625,-32.83295625,-38.056537500000005,-38.056537500000005,0.0,0.00021718143546388272,0.0,4.52421811161252e-12,0.0,1.809811120302124e-11,-24.0,-24.0,0.0,0.1412372080458444
909,8.822916666666666,14151.829499969073,0.0,0.0,-26.559626041666668,-26.559626041666668,-53.119252083333336,-53.119252083333336,-0.20778351092088843,-0.20778351092088843,-33.05571979166666,-33.05571979166666,-37.619252083333365,-37.619252083333365,0.0,0.00036528428858155883,0.0,7.609424768550339e-12,0.0,3.0439782577848204e-11,-24.0,-24.0,0.0,0.14368448644706205
910,8.833333333333334,14254.379490245436,0.0,0.0,-26.590983333333337,-26.590983333333337,-53.181966666666675,-53.181966666666675,-0.19556095145495245,-0.19556095145495245,-33.27848333333335,-33.27848333333335,-37.181966666666646,-37.181966666666646,0.0,0.0005133871416992607,0.0,1.0694631425488681e-11,0.0,4.278145395267726e-11,-24.0,-24.0,0.0,0.1461317648482801
911,8.84375,14357.672600024858,0.0,0.0,-26.622340625000003,-26.622340625000003,-53.244681250000006,-53.244681250000006,-0.18333839198901858,-0.18333839198901858,-33.50124687500001,-33.50124687500001,-36.744681250000006,-36.744681250000006,0.0,0.0006614899948169371,0.0,1.37798380824265e-11,0.0,5.5123125327504224e-11,-24.0,-24.0,0.0,0.1485790432494978
912,8.854166666666666,14461.71421425761,0.0,0.0,-26.653697916666665,-26.653697916666665,-53.30739583333333,-53.30739583333333,-0.1711158325230847,-0.1711158325230847,-33.72401041666666,-33.72401041666666,-36.30739583333336,-36.30739583333336,0.0,0.0008095928479346136,0.0,1.6865044739364318e-11,0.0,6.746479670233121e-11,-24.0,-24.0,0.0,0.15102632165071547
913,8.864583333333334,14566.509756915531,0.0,0.0,-26.68505520833334,-26.68505520833334,-53.37011041666668,-53.37011041666668,-0.15889327305714873,-0.15889327305714873,-33.94677395833335,-33.94677395833335,-35.87011041666665,-35.87011041666665,0.0,0.0009576957010523153,0.0,1.9950251396302654e-11,0.0,7.980646807716027e-11,-24.0,-24.0,0.0,0.15347360005193356
914,8.875,14672.06469127474,0.0,0.0,-26.7164125,-26.7164125,-53.432825,-53.432825,-0.14667071359121486,-0.14667071359121486,-34.169537500000004,-34.169537500000004,-35.432825,-35.432825,0.0,0.0011057985541699919,0.0,2.3035458053240473e-11,0.0,9.214813945198723e-11,-24.0,-24.0,0.0,0.15592087845315122
915,8.885416666666666,14778.384520200561,0.0,0.0,-26.747769791666666,-26.747769791666666,-53.49553958333333,-53.49553958333333,-0.134448154125281,-0.134448154125281,-34.392301041666656,-34.392301041666656,-34.99553958333336,-34.99553958333336,0.0,0.0012539014072876684,0.0,2.6120664710178288e-11,0.0,1.0448981082681421e-10,-24.0,-24.0,0.0,0.15836815685436892
916,8.895833333333334,14885.474786434352,0.0,0.0,-26.779127083333336,-26.779127083333336,-53.55825416666667,-53.55825416666667,-0.12222559465934503,-0.12222559465934503,-34.61506458333335,-34.61506458333335,-34.55825416666664,-34.55825416666664,0.0,0.00140200426040537,0.0,2.9205871367116633e-11,0.0,1.1683148220164328e-10,-24.0,-24.0,0.0,0.16081543525558697
917,8.90625,14993.3410728824,0.0,0.0,-26.810484375,-26.810484375,-53.62096875,-53.62096875,-0.11000303519341115,-0.11000303519341115,-34.837828125,-34.837828125,-34.12096875,-34.12096875,0.0,0.0015501071135230467,0.0,3.229107802405445e-11,0.0,1.2917315357647024e-10,-24.0,-24.0,0.0,0.16326271365680464
918,8.916666666666666,15101.989002907088,0.0,0.0,-26.841841666666667,-26.841841666666667,-53.683683333333335,-53.683683333333335,-0.09778047572747726,-0.09778047572747726,-35.06059166666665,-35.06059166666665,-33.68368333333336,-33.68368333333336,0.0,0.001698209966640723,0.0,3.537628468099227e-11,0.0,1.415148249512972e-10,-24.0,-24.0,0.0,0.16570999205802234
919,8.927083333333334,15211.42424062001,0.0,0.0,-26.873198958333337,-26.873198958333337,-53.74639791666667,-53.74639791666667,-0.08555791626154131,-0.08555791626154131,-35.28335520833335,-35.28335520833335,-33.246397916666645,-33.246397916666645,0.0,0.001846312819758425,0.0,3.846149133793062e-11,0.0,1.538564963261263e-10,-24.0,-24.0,0.0,0.1681572704592404
920,8.9375,15321.65249117718,0.0,0.0,-26.904556250000002,-26.904556250000002,-53.809112500000005,-53.809112500000005,-0.07333535679560743,-0.07333535679560743,-35.50611875,-35.50611875,-32.809112500000005,-32.809112500000005,0.0,0.0019944156728761014,0.0,4.154669799486843e-11,0.0,1.6619816770095325e-10,-24.0,-24.0,0.0,0.1706045488604581
921,8.947916666666666,15432.679501076582,0.0,0.0,-26.935913541666665,-26.935913541666665,-53.87182708333333,-53.87182708333333,-0.061112797329673556,-0.061112797329673556,-35.72888229166665,-35.72888229166665,-32.37182708333336,-32.37182708333336,0.0,0.0021425185259937776,0.0,4.463190465180625e-11,0.0,1.7853983907578024e-10,-24.0,-24.0,0.0,0.17305182726167576
922,8.958333333333334,15544.511058457701,0.0,0.0,-26.967270833333338,-26.967270833333338,-53.934541666666675,-53.934541666666675,-0.04889023786373759,-0.04889023786373759,-35.951645833333345,-35.951645833333345,-31.934541666666647,-31.934541666666647,0.0,0.0022906213791114797,0.0,4.7717111308744586e-11,0.0,1.908815104506093e-10,-24.0,-24.0,0.0,0.1754991056628938
923,8.96875,15657.1529934032,0.0,0.0,-26.998628125,-26.998628125,-53.99725625,-53.99725625,-0.036667678397803716,-0.036667678397803716,-36.174409374999996,-36.174409374999996,-31.49725625,-31.49725625,0.0,0.002438724232229156,0.0,5.0802317965682405e-11,0.0,2.0322318182543626e-10,-24.0,-24.0,0.0,0.1779463840641115
924,8.979166666666666,15770.611178242994,0.0,0.0,-27.029985416666666,-27.029985416666666,-54.05997083333333,-54.05997083333333,-0.02444511893186984,-0.02444511893186984,-36.397172916666655,-36.397172916666655,-31.05997083333336,-31.05997083333336,0.0,0.0025868270853468323,0.0,5.388752462262023e-11,0.0,2.1556485320026322e-10,-24.0,-24.0,0.0,0.18039366246532917
925,8.989583333333334,15884.891527860309,0.0,0.0,-27.061342708333335,-27.061342708333335,-54.12268541666667,-54.12268541666667,-0.012222559465933877,-0.012222559465933877,-36.61993645833334,-36.61993645833334,-30.62268541666664,-30.62268541666664,0.0,0.002734929938464534,0.0,5.697273127955856e-11,0.0,2.279065245750923e-10,-24.0,-24.0,0.0,0.18284094086654726
926,9.0,16000.0,0.0,0.0,-27.0927,-27.0927,-54.1854,-54.1854,0.0,0.0,-36.8427,-36.8427,-30.1854,-30.1854,0.0,0.0028830327915822106,0.0,6.005793793649638e-11,0.0,2.4024819594991927e-10,-24.0,-24.0,0.0,0.18528821926776493
927,9.010416666666666,16115.942595579256,0.0,0.0,-27.0927,-27.0927,-54.1854,-54.1854,0.0,0.0,-36.8427,-36.8427,-30.1854,-30.1854,0.0,0.0028830327915822106,0.0,6.005793793649638e-11,0.0,2.4024819594991927e-10,-24.0,-24.0,0.0,0.18528821926776493
928,9.020833333333334,16232.725359000384,0.0,0.0,-27.0927,-27.0927,-54.1854,-54.1854,0.0,0.0,-36.8427,-36.8427,-30.1854,-30.1854,0.0,0.0028830327915822106,0.0,6.005793793649638e-11,0.0,2.4024819594991927e-10,-24.0,-24.0,0.0,0.18528821926776493
929,9.03125,16350.354378465867,0.0,0.0,-27.0927,-27.0927,-54.1854,-54.1854,0.0,0.0,-36.8427,-36.8427,-30.1854,-30.1854,0.0,0.0028830327915822106,0.0,6.005793793649638e-11,0.0,2.4024819594991927e-10,-24.0,-24.0,0.0,0.18528821926776493
930,9.041666666666666,16468.835786295866,0.0,0.0,-27.0927,-27.0927,-54.1854,-54.1854,0.0,0.0,-36.8427,-36.8427,-30.1854,-30.1854,0.0,0.0028830327915822106,0.0,6.005793793649638e-11,0.0,2.4024819594991927e-10,-24.0,-24.0,0.0,0.18528821926776493
931,9.052083333333334,16588.175759247864,0.0,0.0,-27.0927,-27.0927,-54.1854,-54.1854,0.0,0.0,-36.8427,-36.8427,-30.1854,-30.1854,0.0,0.0028830327915822106,0.0,6.005793793649638e-11,0.0,2.4024819594991927e-10,-24.0,-24.0,0.0,0.18528821926776493
932,9.0625,16708.38051883862,0.0,0.0,-27.0927,-27.0927,-54.1854,-54.1854,0.0,0.0,-36.8427,-36.8427,-30.1854,-30.1854,0.0,0.0028830327915822106,0.0,6.005793793649638e-11,0.0,2.4024819594991927e-10,-24.0,-24.0,0.0,0.18528821926776493
933,9.072916666666666,16829.456331668625,0.0,0.0,-27.0927,-27.0927,-54.1854,-54.1854,0.0,0.0,-36.8427,-36.8427,-30.1854,-30.1854,0.0,0.0028830327915822106,0.0,6.005793793649638e-11,0.0,2.4024819594991927e-10,-24.0,-24.0,0.0,0.18528821926776493
934,9.083333333333334,16951.409509748733,0.0,0.0,-27.0927,-27.0927,-54.1854,-54.1854,0.0,0.0,-36.8427,-36.8427,-30.1854,-30.1854,0.0,0.0028830327915822106,0.0,6.005793793649638e-11,0.0,2.4024819594991927e-10,-24.0,-24.0,0.0,0.18528821926776493
935,9.09375,17074.24641082918,0.0,0.0,-27.0927,-27.0927,-54.1854,-54.1854,0.0,0.0,-36.8427,-36.8427,-30.1854,-30.1854,0.0,0.0028830327915822106,0.0,6.005793793649638e-11,0.0,2.4024819594991927e-10,-24.0,-24.0,0.0,0.18528821926776493
936,9.104166666666666,17197.973438731136,0.0,0.0,-27.0927,-27.0927,-54.1854,-54.1854,0.0,0.0,-36.8427,-36.8427,-30.1854,-30.1854,0.0,0.0028830327915822106,0.0,6.005793793649638e-11,0.0,2.4024819594991927e-10,-24.0,-24.0,0.0,0.18528821926776493
937,9.114583333333334,17322.597043680507,0.0,0.0,-27.0927,-27.0927,-54.1854,-54.1854,0.0,0.0,-36.8427,-36.8427,-30.1854,-30.1854,0.0,0.0028830327915822106,0.0,6.005793793649638e-11,0.0,2.4024819594991927e-10,-24.0,-24.0,0.0,0.18528821926776493
938,9.125,17448.123722644123,0.0,0.0,-27.0927,-27.0927,-54.1854,-54.1854,0.0,0.0,-36.8427,-36.8427,-30.1854,-30.1854,0.0,0.0028830327915822106,0.0,6.005793793649638e-11,0.0,2.4024819594991927e-10,-24.0,-24.0,0.0,0.18528821926776493
939,9.135416666666666,17574.56001966858,0.0,0.0,-27.0927,-27.0927,-54.1854,-54.1854,0.0,0.0,-36.8427,-36.8427,-30.1854,-30.1854,0.0,0.0028830327915822106,0.0,6.005793793649638e-11,0.0,2.4024819594991927e-10,-24.0,-24.0,0.0,0.18528821926776493
940,9.145833333333334,17701.912526221342,0.0,0.0,-27.0927,-27.0927,-54.1854,-54.1854,0.0,0.0,-36.8427,-36.8427,-30.1854,-30.1854,0.0,0.0028830327915822106,0.0,6.005793793649638e-11,0.0,2.4024819594991927e-10,-24.0,-24.0,0.0,0.18528821926776493
941,9.15625,17830.18788153428,0.0,0.0,-27.0927,-27.0927,-54.1854,-54.1854,0.0,0.0,-36.8427,-36.8427,-30.1854,-30.1854,0.0,0.0028830327915822106,0.0,6.005793793649638e-11,0.0,2.4024819594991927e-10,-24.0,-24.0,0.0,0.18528821926776493
942,9.166666666666666,17959.392772949963,0.0,0.0,-27.0927,-27.0927,-54.1854,-54.1854,0.0,0.0,-36.8427,-36.8427,-30.1854,-30.1854,0.0,0.0028830327915822106,0.0,6.005793793649638e-11,0.0,2.4024819594991927e-10,-24.0,-24.0,0.0,0.18528821926776493
943,9.177083333333334,18089.533936270178,0.0,0.0,-27.0927,-27.0927,-54.1854,-54.1854,0.0,0.0,-36.8427,-36.8427,-30.1854,-30.1854,0.0,0.0028830327915822106,0.0,6.005793793649638e-11,0.0,2.4024819594991927e-10,-24.0,-24.0,0.0,0.18528821926776493
944,9.1875,18220.618156107066,0.0,0.0,-27.0927,-27.0927,-54.1854,-54.1854,0.0,0.0,-36.8427,-36.8427,-30.1854,-30.1854,0.0,0.0028830327915822106,0.0,6.005793793649638e-11,0.0,2.4024819594991927e-10,-24.0,-24.0,0.0,0.18528821926776493
945,9.197916666666666,18352.652266236917,0.0,0.0,-27.0927,-27.0927,-54.1854,-54.1854,0.0,0.0,-36.8427,-36.8427,-30.1854,-30.1854,0.0,0.0028830327915822106,0.0,6.005793793649638e-11,0.0,2.4024819594991927e-10,-24.0,-24.0,0.0,0.18528821926776493
946,9.208333333333334,18485.643149956373,0.0,0.0,-27.0927,-27.0927,-54.1854,-54.1854,0.0,0.0,-36.8427,-36.8427,-30.1854,-30.1854,0.0,0.0028830327915822106,0.0,6.005793793649638e-11,0.0,2.4024819594991927e-10,-24.0,-24.0,0.0,0.18528821926776493
947,9.21875,18619.59774044124,0.0,0.0,-27.0927,-27.0927,-54.1854,-54.1854,0.0,0.0,-36.8427,-36.8427,-30.1854,-30.1854,0.0,0.0028830327915822106,0.0,6.005793793649638e-11,0.0,2.4024819594991927e-10,-24.0,-24.0,0.0,0.18528821926776493
948,9.229166666666666,18754.523021108012,0.0,0.0,-27.0927,-27.0927,-54.1854,-54.1854,0.0,0.0,-36.8427,-36.8427,-30.1854,-30.1854,0.0,0.0028830327915822106,0.0,6.005793793649638e-11,0.0,2.4024819594991927e-10,-24.0,-24.0,0.0,0.18528821926776493
949,9.239583333333334,18890.426025977922,0.0,0.0,-27.0927,-27.0927,-54.1854,-54.1854,0.0,0.0,-36.8427,-36.8427,-30.1854,-30.1854,0.0,0.0028830327915822106,0.0,6.005793793649638e-11,0.0,2.4024819594991927e-10,-24.0,-24.0,0.0,0.18528821926776493
950,9.25,19027.31384004354,0.0,0.0,-27.0927,-27.0927,-54.1854,-54.1854,0.0,0.0,-36.8427,-36.8427,-30.1854,-30.1854,0.0,0.0028830327915822106,0.0,6.005793793649638e-11,0.0,2.4024819594991927e-10,-24.0,-24.0,0.0,0.18528821926776493
951,9.260416666666666,19165.19359963827,0.0,0.0,-27.0927,-27.0927,-54.1854,-54.1854,0.0,0.0,-36.8427,-36.8427,-30.1854,-30.1854,0.0,0.0028830327915822106,0.0,6.005793793649638e-11,0.0,2.4024819594991927e-10,-24.0,-24.0,0.0,0.18528821926776493
952,9.270833333333334,19304.07249280836,0.0,0.0,-27.0927,-27.0927,-54.1854,-54.1854,0.0,0.0,-36.8427,-36.8427,-30.1854,-30.1854,0.0,0.0028830327915822106,0.0,6.005793793649638e-11,0.0,2.4024819594991927e-10,-24.0,-24.0,0.0,0.18528821926776493
953,9.28125,19443.957759687502,0.0,0.0,-27.0927,-27.0927,-54.1854,-54.1854,0.0,0.0,-36.8427,-36.8427,-30.1854,-30.1854,0.0,0.0028830327915822106,0.0,6.005793793649638e-11,0.0,2.4024819594991927e-10,-24.0,-24.0,0.0,0.18528821926776493
954,9.291666666666666,19584.856692874473,0.0,0.0,-27.0927,-27.0927,-54.1854,-54.1854,0.0,0.0,-36.8427,-36.8427,-30.1854,-30.1854,0.0,0.0028830327915822106,0.0,6.005793793649638e-11,0.0,2.4024819594991927e-10,-24.0,-24.0,0.0,0.18528821926776493
955,9.302083333333334,19726.776637813226,0.0,0.0,-27.0927,-27.0927,-54.1854,-54.1854,0.0,0.0,-36.8427,-36.8427,-30.1854,-30.1854,0.0,0.0028830327915822106,0.0,6.005793793649638e-11,0.0,2.4024819594991927e-10,-24.0,-24.0,0.0,0.18528821926776493
956,9.3125,19869.724993175743,0.0,0.0,-27.0927,-27.0927,-54.1854,-54.1854,0.0,0.0,-36.8427,-36.8427,-30.1854,-30.1854,0.0,0.0028830327915822106,0.0,6.005793793649638e-11,0.0,2.4024819594991927e-10,-24.0,-24.0,0.0,0.18528821926776493
957,9.321928094887362,19999.999999999993,0.0,0.0,-27.0927,-27.0927,-54.1854,-54.1854,0.0,0.0,-36.8427,-36.8427,-30.1854,-30.1854,0.0,0.0028830327915822106,0.0,6.005793793649638e-11,0.0,2.4024819594991927e-10,-24.0,-24.0,24.0,0.18528821926776493
